Gene_set	Term	Overlap	P-value	Adjusted P-value	Old P-value	Old Adjusted P-value	Odds Ratio	Combined Score	Genes	Hit_Count	Bg_Count	Gene_Ratio	minus_log10_fdr	Term_clean	Term_wrapped
GO_Biological_Process_2023	Cellular Response To Ionizing Radiation (GO:0071479)	7/52	3.3384989539877813e-15	1.392815822968965e-12	0	0	387.72222222222223	12924.043742789368	CDKN1A;RAD51;MDM2;BRCA1;BRCA2;TP53;ATR	7	52	0.1346153846153846	11.856106308096157	Cellular Response To Ionizing Radiation	Cellular Response To Ionizing Radiation
GO_Biological_Process_2023	Mitotic DNA Damage Checkpoint Signaling (GO:0044773)	7/56	5.779318767506079e-15	1.392815822968965e-12	0	0	356.0	11671.27864628973	CDKN1A;FANCD2;CHEK2;CHEK1;ATM;BRCA1;TP53	7	56	0.125	11.856106308096157	Mitotic DNA Damage Checkpoint Signaling	Mitotic DNA Damage Checkpoint Signaling
GO_Biological_Process_2023	Response To Ionizing Radiation (GO:0010212)	7/72	3.650597853142027e-14	5.865293884048191e-12	0	0	268.15384615384613	8297.028694485041	CDKN1A;RAD51;FANCD2;ATM;BRCA1;BRCA2;TP53	7	72	0.09722222222222222	11.231710222419236	Response To Ionizing Radiation	Response To Ionizing Radiation
GO_Biological_Process_2023	DNA Repair (GO:0006281)	9/291	1.1973582431808676e-13	1.4428166830329457e-11	0	0	104.80319148936172	3118.260557241096	RAD51;FANCD2;CHEK2;CHEK1;ATM;BRCA1;BRCA2;TP53;ATR	9	291	0.030927835051546393	10.840788844654714	DNA Repair	DNA Repair
GO_Biological_Process_2023	DNA Damage Response (GO:0006974)	9/384	1.4600584371823245e-12	1.407496333443761e-10	0	0	78.44	2137.68960278071	CDKN1A;RAD51;CHEK2;CHEK1;BAX;ATM;BRCA1;TP53;ATR	9	384	0.0234375	9.851552727820998	DNA Damage Response	DNA Damage Response
GO_Biological_Process_2023	Regulation Of Cell Cycle (GO:0051726)	8/298	1.299941053080997e-11	1.0442859793084011e-09	0	0	77.61576354679804	1945.5258181244467	RB1;CDKN1A;CDKN2A;CHEK1;MDM2;ATM;BRCA1;TP53	8	298	0.026845637583892617	8.981180552839552	Regulation Of Cell Cycle	Regulation Of Cell Cycle
GO_Biological_Process_2023	DNA Damage Response, Signal Transduction By P53 Class Mediator (GO:0030330)	5/36	4.1918201524682386e-11	2.8863675906995587e-09	0	0	321.83870967741933	7690.432834562435	CDKN1A;CHEK2;MDM2;ATM;TP53	5	36	0.1388888888888889	8.539648360544529	DNA Damage Response, Signal Transduction By P53 Class Mediator	"DNA Damage Response, Signal Transduction By
P53 Class Mediator"
GO_Biological_Process_2023	Intrinsic Apoptotic Signaling Pathway (GO:0097193)	6/105	8.725667371622377e-11	5.257214591402483e-09	0	0	133.9124579124579	3101.7027226799055	CDKN1A;CHEK2;BAX;ATM;BRCA1;TP53	6	105	0.05714285714285714	8.279244295387914	Intrinsic Apoptotic Signaling Pathway	Intrinsic Apoptotic Signaling Pathway
GO_Biological_Process_2023	Cellular Response To Radiation (GO:0071478)	5/48	1.894483662663851e-10	1.0146012504488624e-08	0	0	231.88372093023256	5191.158739236292	CDKN1A;RAD51;BRCA1;BRCA2;TP53	5	48	0.10416666666666667	7.993704606770531	Cellular Response To Radiation	Cellular Response To Radiation
GO_Biological_Process_2023	Intrinsic Apoptotic Signaling Pathway In Response To DNA Damage (GO:0008630)	5/49	2.1088902355104528e-10	1.0164850935160385e-08	0	0	226.60227272727272	5048.628180176523	CHEK2;BAX;ATM;BRCA1;TP53	5	49	0.10204081632653061	7.9928989857924915	Intrinsic Apoptotic Signaling Pathway In Response To DNA Damage	"Intrinsic Apoptotic Signaling Pathway In
Response To DNA Damage"
GO_Biological_Process_2023	Signal Transduction In Response To DNA Damage (GO:0042770)	5/57	4.61530372951893e-10	1.9463279960303338e-08	0	0	191.66346153846155	4120.0884740797765	CHEK2;CHEK1;ATM;TP53;ATR	5	57	0.08771929824561403	7.71078397040745	Signal Transduction In Response To DNA Damage	Signal Transduction In Response To DNA Damage
GO_Biological_Process_2023	DNA Damage Response, Signal Transduction By P53 Class Mediator Resulting In Cell Cycle Arrest (GO:0006977)	4/17	4.845629865635684e-10	1.9463279960303338e-08	0	0	558.6573426573426	11981.95625547104	CDKN1A;CHEK2;MDM2;TP53	4	17	0.23529411764705882	7.71078397040745	DNA Damage Response, Signal Transduction By P53 Class Mediator Resulting In Cell Cycle Arrest	"DNA Damage Response, Signal Transduction By
P53 Class Mediator Resulting In Cell Cycle
Arrest"
GO_Biological_Process_2023	Response To Gamma Radiation (GO:0010332)	4/22	1.486076251809978e-09	5.5099134874800744e-08	0	0	403.37373737373736	8199.429018039249	FANCD2;MDM2;TP53;ATR	4	22	0.18181818181818182	7.258855220060189	Response To Gamma Radiation	Response To Gamma Radiation
GO_Biological_Process_2023	Mitotic G1 DNA Damage Checkpoint Signaling (GO:0031571)	4/26	3.0318576500911454e-09	1.0438252766742373e-07	0	0	329.9669421487603	6472.001405737467	CDKN1A;CHEK2;MDM2;TP53	4	26	0.15384615384615385	6.9813721907271304	Mitotic G1 DNA Damage Checkpoint Signaling	Mitotic G1 DNA Damage Checkpoint Signaling
GO_Biological_Process_2023	Mitotic G2 DNA Damage Checkpoint Signaling (GO:0007095)	4/30	5.548008741790622e-09	1.782760142362053e-07	0	0	279.1468531468532	5306.533318594195	CDKN1A;CHEK1;ATM;BRCA1	4	30	0.13333333333333333	6.748907084113415	Mitotic G2 DNA Damage Checkpoint Signaling	Mitotic G2 DNA Damage Checkpoint Signaling
GO_Biological_Process_2023	Regulation Of Cellular Response To Stress (GO:0080135)	5/107	1.1476449047274287e-08	3.45728027549138e-07	0	0	97.4656862745098	1781.9621022355102	RAD51;ATM;BRCA1;BRCA2;ATR	5	107	0.04672897196261682	6.461265411558174	Regulation Of Cellular Response To Stress	Regulation Of Cellular Response To Stress
GO_Biological_Process_2023	Negative Regulation Of Growth (GO:0045926)	5/124	2.4133960696249403e-08	6.728999347022328e-07	0	0	83.47058823529412	1464.0445549405906	RB1;CDKN1A;CDKN2A;BRCA1;TP53	5	124	0.04032258064516129	6.172049513841019	Negative Regulation Of Growth	Negative Regulation Of Growth
GO_Biological_Process_2023	Negative Regulation Of Cell Growth (GO:0030308)	5/125	2.5129043204647696e-08	6.728999347022328e-07	0	0	82.77083333333333	1448.426806618023	RB1;CDKN1A;CDKN2A;BRCA1;TP53	5	125	0.04	6.172049513841019	Negative Regulation Of Cell Growth	Negative Regulation Of Cell Growth
GO_Biological_Process_2023	Mitotic G2/M Transition Checkpoint (GO:0044818)	4/46	3.280497681232431e-08	7.905999411770159e-07	0	0	172.66666666666666	2975.510380436467	CDKN1A;CHEK1;ATM;BRCA1	4	46	0.08695652173913043	6.102043222305847	Mitotic G2/M Transition Checkpoint	Mitotic G2/M Transition Checkpoint
GO_Biological_Process_2023	Replication Fork Processing (GO:0031297)	4/46	3.280497681232431e-08	7.905999411770159e-07	0	0	172.66666666666666	2975.510380436467	RAD51;BRCA1;BRCA2;ATR	4	46	0.08695652173913043	6.102043222305847	Replication Fork Processing	Replication Fork Processing
GO_Biological_Process_2023	Regulation Of Signal Transduction By P53 Class Mediator (GO:1901796)	4/47	3.58408587676554e-08	8.226330440957097e-07	0	0	168.64270613107823	2891.240452235182	CHEK2;CHEK1;MDM2;ATM	4	47	0.0851063829787234	6.08479384943395	Regulation Of Signal Transduction By P53 Class Mediator	"Regulation Of Signal Transduction By P53
Class Mediator"
GO_Biological_Process_2023	Histone H2A Ubiquitination (GO:0033522)	3/11	5.6104777884129884e-08	1.175760997397852e-06	0	0	624.28125	10423.0277557371	RAD51;BRCA1;BRCA2	3	11	0.2727272727272727	5.929680950419973	Histone H2A Ubiquitination	Histone H2A Ubiquitination
GO_Biological_Process_2023	Regulation Of Cell Cycle Checkpoint (GO:1901976)	3/11	5.6104777884129884e-08	1.175760997397852e-06	0	0	624.28125	10423.0277557371	RAD51;BRCA1;BRCA2	3	11	0.2727272727272727	5.929680950419973	Regulation Of Cell Cycle Checkpoint	Regulation Of Cell Cycle Checkpoint
GO_Biological_Process_2023	Histone Monoubiquitination (GO:0010390)	3/12	7.477303779394712e-08	1.5016918423617714e-06	0	0	554.8888888888889	9105.065502265224	RAD51;BRCA1;BRCA2	3	12	0.25	5.823419178445328	Histone Monoubiquitination	Histone Monoubiquitination
GO_Biological_Process_2023	Double-Strand Break Repair (GO:0006302)	5/168	1.105215862097596e-07	2.130856182124165e-06	0	0	60.80368098159509	973.9567052385356	RAD51;CHEK2;ATM;BRCA1;BRCA2	5	168	0.02976190476190476	5.671445861134043	Double-Strand Break Repair	Double-Strand Break Repair
GO_Biological_Process_2023	Histone H2A Monoubiquitination (GO:0035518)	3/14	1.236049975217575e-07	2.291446492518735e-06	0	0	453.95454545454544	7220.680378363025	RAD51;BRCA1;BRCA2	3	14	0.21428571428571427	5.639890279494982	Histone H2A Monoubiquitination	Histone H2A Monoubiquitination
GO_Biological_Process_2023	Protein Autoubiquitination (GO:0051865)	4/71	1.931920812357409e-07	3.3256636841295395e-06	0	0	108.10312075983718	1671.2289412967928	RAD51;MDM2;BRCA1;BRCA2	4	71	0.056338028169014086	5.478121671987159	Protein Autoubiquitination	Protein Autoubiquitination
GO_Biological_Process_2023	Cellular Response To Gamma Radiation (GO:0071480)	3/16	1.89991599585238e-07	3.3256636841295395e-06	0	0	384.0769230769231	5944.084299270287	MDM2;TP53;ATR	3	16	0.1875	5.478121671987159	Cellular Response To Gamma Radiation	Cellular Response To Gamma Radiation
GO_Biological_Process_2023	Regulation Of DNA Damage Checkpoint (GO:2000001)	3/18	2.765972347443499e-07	4.597236798164712e-06	0	0	332.8333333333333	5026.017453317348	RAD51;BRCA1;BRCA2	3	18	0.16666666666666666	5.33750312568462	Regulation Of DNA Damage Checkpoint	Regulation Of DNA Damage Checkpoint
GO_Biological_Process_2023	Negative Regulation Of Cell Cycle (GO:0045786)	4/85	4.001185141322547e-07	6.428570793724892e-06	0	0	89.3557800224467	1316.345124503645	RB1;CDKN1A;CDKN2A;BRCA1	4	85	0.047058823529411764	5.191885569127192	Negative Regulation Of Cell Cycle	Negative Regulation Of Cell Cycle
GO_Biological_Process_2023	Regulation Of Gene Expression (GO:0010468)	8/1127	4.473000510839605e-07	6.954794342660288e-06	0	0	19.26822417975233	281.70213525474117	RB1;CASP8;CHEK2;MDM2;ATM;BRCA1;BRCA2;TP53	8	1127	0.00709849157054126	5.157715707824106	Regulation Of Gene Expression	Regulation Of Gene Expression
GO_Biological_Process_2023	Regulation Of Cell Growth (GO:0001558)	5/227	4.933097939990957e-07	7.43047877211138e-06	0	0	44.51126126126126	646.3982546141594	RB1;CDKN1A;CDKN2A;BRCA1;TP53	5	227	0.022026431718061675	5.12898320220347	Regulation Of Cell Growth	Regulation Of Cell Growth
GO_Biological_Process_2023	Positive Regulation Of Protein-Containing Complex Assembly (GO:0031334)	4/98	7.097482058488773e-07	1.036662530967148e-05	0	0	76.94777562862669	1089.4539676291274	BAX;ATM;TP53;ATR	4	98	0.04081632653061224	4.984362598279702	Positive Regulation Of Protein-Containing Complex Assembly	"Positive Regulation Of Protein-Containing
Complex Assembly"
GO_Biological_Process_2023	Regulation Of DNA Damage Response, Signal Transduction By P53 Class Mediator (GO:0043516)	3/28	1.1054888108376854e-06	1.5671929612463657e-05	0	0	199.6	2737.558502428592	MDM2;ATM;ATR	3	28	0.10714285714285714	4.804877527561257	Regulation Of DNA Damage Response, Signal Transduction By P53 Class Mediator	"Regulation Of DNA Damage Response, Signal
Transduction By P53 Class Mediator"
GO_Biological_Process_2023	Small GTPase Mediated Signal Transduction (GO:0007264)	4/112	1.212808593434432e-06	1.6702106915297037e-05	0	0	66.92592592592592	911.7032269554658	RB1;CDKN1A;CDKN2A;TP53	4	112	0.03571428571428571	4.777228740590654	Small GTPase Mediated Signal Transduction	Small GTPase Mediated Signal Transduction
GO_Biological_Process_2023	DNA Metabolic Process (GO:0006259)	5/288	1.595624911564915e-06	2.1363644649285805e-05	0	0	34.80918727915194	464.64156368618256	RAD51;CHEK1;ATM;BRCA1;ATR	5	288	0.017361111111111112	4.670324654450223	DNA Metabolic Process	DNA Metabolic Process
GO_Biological_Process_2023	DNA Damage Checkpoint Signaling (GO:0000077)	3/34	2.013872615102246e-06	2.6234772985926555e-05	0	0	160.9193548387097	2110.529915811914	CHEK2;CHEK1;ATR	3	34	0.08823529411764706	4.581122689475399	DNA Damage Checkpoint Signaling	DNA Damage Checkpoint Signaling
GO_Biological_Process_2023	Ras Protein Signal Transduction (GO:0007265)	4/144	3.3075658055364474e-06	4.1953861007067567e-05	0	0	51.54545454545455	650.4674537896277	RB1;CDKN1A;CDKN2A;TP53	4	144	0.027777777777777776	4.377228064944859	Ras Protein Signal Transduction	Ras Protein Signal Transduction
GO_Biological_Process_2023	DNA Integrity Checkpoint Signaling (GO:0031570)	3/42	3.849648901970577e-06	4.757771207050816e-05	0	0	127.85897435897436	1594.085420624933	CHEK2;CHEK1;ATR	3	42	0.07142857142857142	4.322596446263527	DNA Integrity Checkpoint Signaling	DNA Integrity Checkpoint Signaling
GO_Biological_Process_2023	Regulation Of Reactive Oxygen Species Metabolic Process (GO:2000377)	3/56	9.237160024630298e-06	0.00011130777829679508	0	0	94.01886792452832	1089.8926733525557	CDKN1A;BRCA1;TP53	3	56	0.05357142857142857	3.953474485680184	Regulation Of Reactive Oxygen Species Metabolic Process	"Regulation Of Reactive Oxygen Species
Metabolic Process"
GO_Biological_Process_2023	Stress-Induced Premature Senescence (GO:0090400)	2/7	1.1000996562012004e-05	0.00012932878885097036	0	0	614.7692307692307	7019.142872634003	CDKN1A;TP53	2	7	0.2857142857142857	3.8883047895245957	Stress-Induced Premature Senescence	Stress-Induced Premature Senescence
GO_Biological_Process_2023	Negative Regulation Of Nucleic Acid-Templated Transcription (GO:1903507)	5/456	1.4984678824316385e-05	0.0001719670284123928	0	0	21.656319290465632	240.56883931708268	RB1;CDKN2A;MDM2;BRCA1;TP53	5	456	0.010964912280701754	3.764554813273913	Negative Regulation Of Nucleic Acid-Templated Transcription	"Negative Regulation Of Nucleic Acid-Templated
Transcription"
GO_Biological_Process_2023	Telomere Maintenance (GO:0000723)	3/68	1.6610279367976186e-05	0.00018618964314801213	0	0	76.61538461538461	843.1897584581213	RAD51;ATM;ATR	3	68	0.04411764705882353	3.7300444804371953	Telomere Maintenance	Telomere Maintenance
GO_Biological_Process_2023	Apoptotic Process (GO:0006915)	4/228	2.034403807759367e-05	0.00022285968985000343	0	0	32.07954545454545	346.5464325452769	CASP8;CHEK1;MDM2;BAX	4	228	0.017543859649122806	3.651968478217252	Apoptotic Process	Apoptotic Process
GO_Biological_Process_2023	Positive Regulation Of Programmed Cell Death (GO:0043068)	4/245	2.697099592377849e-05	0.0002777567410050009	0	0	29.791022255752548	313.4238525437992	CASP8;BAX;ATM;TP53	4	245	0.0163265306122449	3.5563353921683776	Positive Regulation Of Programmed Cell Death	Positive Regulation Of Programmed Cell Death
GO_Biological_Process_2023	Cellular Response To UV (GO:0034644)	3/79	2.6080244241348315e-05	0.0002777567410050009	0	0	65.49013157894737	691.2046212627042	CDKN1A;TP53;ATR	3	79	0.0379746835443038	3.5563353921683776	Cellular Response To UV	Cellular Response To UV
GO_Biological_Process_2023	Negative Regulation Of Protein Serine/Threonine Kinase Activity (GO:0071901)	3/80	2.7084163541981413e-05	0.0002777567410050009	0	0	64.63636363636364	679.7522850469626	RB1;CDKN1A;CDKN2A	3	80	0.0375	3.5563353921683776	Negative Regulation Of Protein Serine/Threonine Kinase Activity	"Negative Regulation Of Protein
Serine/Threonine Kinase Activity"
GO_Biological_Process_2023	Negative Regulation Of Cellular Process (GO:0048523)	5/537	3.2904586065641535e-05	0.00033041688507581704	0	0	18.282894736842103	188.7141840490116	RB1;CDKN1A;CDKN2A;BRCA1;TP53	5	537	0.00931098696461825	3.480937767320537	Negative Regulation Of Cellular Process	Negative Regulation Of Cellular Process
GO_Biological_Process_2023	Regulation Of Double-Strand Break Repair (GO:2000779)	3/88	3.604458726652097e-05	0.00035456104209108386	0	0	58.52941176470589	598.8000047897426	RAD51;CHEK1;ATR	3	88	0.03409090909090909	3.4503089848500075	Regulation Of Double-Strand Break Repair	Regulation Of Double-Strand Break Repair
GO_Biological_Process_2023	Positive Regulation Of Apoptotic Process (GO:0043065)	4/270	3.9434469634667386e-05	0.0003801482872781936	0	0	26.95693779904306	273.36680883525173	CASP8;BAX;ATM;TP53	4	270	0.014814814814814815	3.4200469618451357	Positive Regulation Of Apoptotic Process	Positive Regulation Of Apoptotic Process
GO_Biological_Process_2023	Recombinational Repair (GO:0000725)	3/95	4.532160895808675e-05	0.0004283336376038787	0	0	54.057065217391305	540.6639881984726	RAD51;BRCA1;BRCA2	3	95	0.031578947368421054	3.368217818547356	Recombinational Repair	Recombinational Repair
GO_Biological_Process_2023	Mitotic intra-S DNA Damage Checkpoint Signaling (GO:0031573)	2/14	4.752727986362482e-05	0.0004405413248897532	0	0	256.06410256410254	2548.915005081115	FANCD2;CHEK2	2	14	0.14285714285714285	3.3560133464351494	Mitotic intra-S DNA Damage Checkpoint Signaling	"Mitotic intra-S DNA Damage Checkpoint
Signaling"
GO_Biological_Process_2023	Positive Regulation Of DNA Damage Response, Signal Transduction By P53 Class Mediator (GO:0043517)	2/15	5.481548088819789e-05	0.0004892789220020626	0	0	236.3550295857988	2319.006332041941	ATM;ATR	2	15	0.13333333333333333	3.3104434931208466	Positive Regulation Of DNA Damage Response, Signal Transduction By P53 Class Mediator	"Positive Regulation Of DNA Damage Response,
Signal Transduction By P53 Class Mediator"
GO_Biological_Process_2023	Protein Localization To Chromosome, Telomeric Region (GO:0070198)	2/15	5.481548088819789e-05	0.0004892789220020626	0	0	236.3550295857988	2319.006332041941	BRCA2;ATR	2	15	0.13333333333333333	3.3104434931208466	Protein Localization To Chromosome, Telomeric Region	"Protein Localization To Chromosome, Telomeric
Region"
GO_Biological_Process_2023	Protein Catabolic Process (GO:0030163)	3/102	5.604327539006671e-05	0.0004911428861456756	0	0	50.21717171717171	491.5952973947183	CASP8;CHEK2;MDM2	3	102	0.029411764705882353	3.3087921420173987	Protein Catabolic Process	Protein Catabolic Process
GO_Biological_Process_2023	Regulation Of G1/S Transition Of Mitotic Cell Cycle (GO:2000045)	3/106	6.285620203960329e-05	0.0005410123104122998	0	0	48.25728155339806	466.872837290253	RB1;CDKN1A;CDKN2A	3	106	0.02830188679245283	3.266792852669207	Regulation Of G1/S Transition Of Mitotic Cell Cycle	"Regulation Of G1/S Transition Of Mitotic Cell
Cycle"
GO_Biological_Process_2023	Double-Strand Break Repair Via Homologous Recombination (GO:0000724)	3/111	7.210805935432236e-05	0.000609755870329533	0	0	46.01157407407408	438.828243960408	RAD51;BRCA1;BRCA2	3	111	0.02702702702702703	3.214844009891721	Double-Strand Break Repair Via Homologous Recombination	"Double-Strand Break Repair Via Homologous
Recombination"
GO_Biological_Process_2023	Regulation Of Protein Serine/Threonine Kinase Activity (GO:0071900)	3/112	7.405932091693343e-05	0.0006154584945165846	0	0	45.58715596330275	433.5632182634285	RB1;CDKN1A;CDKN2A	3	112	0.026785714285714284	3.2108012298329256	Regulation Of Protein Serine/Threonine Kinase Activity	"Regulation Of Protein Serine/Threonine Kinase
Activity"
GO_Biological_Process_2023	Regulation Of Cell Cycle G2/M Phase Transition (GO:1902749)	2/18	7.977048122143578e-05	0.0006516842703174923	0	0	192.0096153846154	1811.8712842401887	CDKN1A;TP53	2	18	0.1111111111111111	3.1859627614299924	Regulation Of Cell Cycle G2/M Phase Transition	"Regulation Of Cell Cycle G2/M Phase
Transition"
GO_Biological_Process_2023	Negative Regulation Of Cyclin-Dependent Protein Serine/Threonine Kinase Activity (GO:0045736)	2/19	8.911670367707504e-05	0.0007159041862058362	0	0	180.7058823529412	1685.1842294846974	CDKN1A;CDKN2A	2	19	0.10526315789473684	3.1451450980643854	Negative Regulation Of Cyclin-Dependent Protein Serine/Threonine Kinase Activity	"Negative Regulation Of Cyclin-Dependent
Protein Serine/Threonine Kinase Activity"
GO_Biological_Process_2023	Negative Regulation Of Cyclin-Dependent Protein Kinase Activity (GO:1904030)	2/20	9.897575036981038e-05	0.0007694566399717517	0	0	170.65811965811966	1573.5763478145914	CDKN1A;CDKN2A	2	20	0.1	3.1138158482841876	Negative Regulation Of Cyclin-Dependent Protein Kinase Activity	"Negative Regulation Of Cyclin-Dependent
Protein Kinase Activity"
GO_Biological_Process_2023	Negative Regulation Of Phosphate Metabolic Process (GO:0045936)	2/20	9.897575036981038e-05	0.0007694566399717517	0	0	170.65811965811966	1573.5763478145914	CDKN1A;CDKN2A	2	20	0.1	3.1138158482841876	Negative Regulation Of Phosphate Metabolic Process	"Negative Regulation Of Phosphate Metabolic
Process"
GO_Biological_Process_2023	Positive Regulation Of Signal Transduction By P53 Class Mediator (GO:1901798)	2/21	0.00010934695002572602	0.0008365909509904753	0	0	161.66801619433198	1474.571502686574	ATM;ATR	2	21	0.09523809523809523	3.077486837288448	Positive Regulation Of Signal Transduction By P53 Class Mediator	"Positive Regulation Of Signal Transduction By
P53 Class Mediator"
GO_Biological_Process_2023	Regulation Of Apoptotic Process (GO:0042981)	5/705	0.00012002690117981146	0.0008915489629295106	0	0	13.775	124.35787149394965	CASP8;MDM2;BAX;ATM;TP53	5	705	0.0070921985815602835	3.0498548008383897	Regulation Of Apoptotic Process	Regulation Of Apoptotic Process
GO_Biological_Process_2023	Regulation Of Catabolic Process (GO:0009894)	2/22	0.00012022963193032818	0.0008915489629295106	0	0	153.57692307692307	1386.20174723602	CHEK2;MDM2	2	22	0.09090909090909091	3.0498548008383897	Regulation Of Catabolic Process	Regulation Of Catabolic Process
GO_Biological_Process_2023	Mitotic Cell Cycle Checkpoint Signaling (GO:0007093)	2/25	0.0001559398729733465	0.0011053385113698	0	0	133.5250836120401	1170.4862312462878	CHEK1;BRCA1	2	25	0.08	2.9565046983534313	Mitotic Cell Cycle Checkpoint Signaling	Mitotic Cell Cycle Checkpoint Signaling
GO_Biological_Process_2023	Positive Regulation Of Release Of Cytochrome C From Mitochondria (GO:0090200)	2/25	0.0001559398729733465	0.0011053385113698	0	0	133.5250836120401	1170.4862312462878	BAX;TP53	2	25	0.08	2.9565046983534313	Positive Regulation Of Release Of Cytochrome C From Mitochondria	"Positive Regulation Of Release Of Cytochrome
C From Mitochondria"
GO_Biological_Process_2023	Regulation Of Cell Cycle Phase Transition (GO:1901987)	2/25	0.0001559398729733465	0.0011053385113698	0	0	133.5250836120401	1170.4862312462878	CDKN1A;TP53	2	25	0.08	2.9565046983534313	Regulation Of Cell Cycle Phase Transition	Regulation Of Cell Cycle Phase Transition
GO_Biological_Process_2023	Negative Regulation Of G2/M Transition Of Mitotic Cell Cycle (GO:0010972)	2/28	0.00019622936554570855	0.0013707616549714	0	0	118.10059171597634	1008.1333830209776	CHEK1;BRCA1	2	28	0.07142857142857142	2.863038052817637	Negative Regulation Of G2/M Transition Of Mitotic Cell Cycle	"Negative Regulation Of G2/M Transition Of
Mitotic Cell Cycle"
GO_Biological_Process_2023	Protein Autophosphorylation (GO:0046777)	3/162	0.00022096478665743755	0.0015215003881269	0	0	31.17295597484277	262.39858153602063	CHEK2;ATM;ATR	3	162	0.018518518518518517	2.817727932519518	Protein Autophosphorylation	Protein Autophosphorylation
GO_Biological_Process_2023	Extrinsic Apoptotic Signaling Pathway Via Death Domain Receptors (GO:0008625)	2/30	0.0002256241583974691	0.0015317020330645	0	0	109.65384615384616	920.7238662710552	CASP8;BAX	2	30	0.06666666666666667	2.8148257111928965	Extrinsic Apoptotic Signaling Pathway Via Death Domain Receptors	"Extrinsic Apoptotic Signaling Pathway Via
Death Domain Receptors"
GO_Biological_Process_2023	Regulation Of DNA-templated Transcription (GO:0006355)	7/1922	0.0002403264999443712	0.0015702784646808	0	0	8.256527415143603	68.80587147076214	RB1;CDKN2A;CHEK2;MDM2;BRCA1;BRCA2;TP53	7	1922	0.0036420395421436005	2.8040233253292355	Regulation Of DNA-templated Transcription	Regulation Of DNA-templated Transcription
GO_Biological_Process_2023	Phosphorylation (GO:0016310)	4/429	0.00023616882056538464	0.0015702784646808	0	0	16.735828877005346	139.76029889393158	CHEK2;CHEK1;ATM;ATR	4	429	0.009324009324009324	2.8040233253292355	Phosphorylation	Phosphorylation
GO_Biological_Process_2023	Negative Regulation Of DNA Biosynthetic Process (GO:2000279)	2/31	0.00024108009623731251	0.0015702784646808	0	0	105.86737400530504	881.9155958865495	CDKN1A;TP53	2	31	0.06451612903225806	2.8040233253292355	Negative Regulation Of DNA Biosynthetic Process	"Negative Regulation Of DNA Biosynthetic
Process"
GO_Biological_Process_2023	Protein Ubiquitination (GO:0016567)	4/434	0.0002468639316089415	0.0015865122004734	0	0	16.536997885835095	137.3674380943436	RAD51;MDM2;BRCA1;BRCA2	4	434	0.009216589861751152	2.799556583772897	Protein Ubiquitination	Protein Ubiquitination
GO_Biological_Process_2023	Negative Regulation Of G1/S Transition Of Mitotic Cell Cycle (GO:2000134)	2/32	0.00025704084175112637	0.001609008905507	0	0	102.33333333333331	845.9155331637611	RB1;CDKN1A	2	32	0.0625	2.7934415521707994	Negative Regulation Of G1/S Transition Of Mitotic Cell Cycle	"Negative Regulation Of G1/S Transition Of
Mitotic Cell Cycle"
GO_Biological_Process_2023	Positive Regulation Of Telomere Maintenance Via Telomerase (GO:0032212)	2/32	0.00025704084175112637	0.001609008905507	0	0	102.33333333333331	845.9155331637611	ATM;ATR	2	32	0.0625	2.7934415521707994	Positive Regulation Of Telomere Maintenance Via Telomerase	"Positive Regulation Of Telomere Maintenance
Via Telomerase"
GO_Biological_Process_2023	Regulation Of Nucleic Acid-Templated Transcription (GO:1903506)	4/452	0.00028828220092283274	0.0017501064504036	0	0	15.857954545454543	129.2672375278812	RB1;CHEK2;BRCA2;TP53	4	452	0.008849557522123894	2.7569355345040747	Regulation Of Nucleic Acid-Templated Transcription	"Regulation Of Nucleic Acid-Templated
Transcription"
GO_Biological_Process_2023	Negative Regulation Of Cell Cycle Process (GO:0010948)	2/34	0.00029047409965205666	0.0017501064504036	0	0	95.9278846153846	781.2363223590568	CHEK1;TP53	2	34	0.058823529411764705	2.7569355345040747	Negative Regulation Of Cell Cycle Process	Negative Regulation Of Cell Cycle Process
GO_Biological_Process_2023	Regulation Of DNA Biosynthetic Process (GO:2000278)	2/34	0.00029047409965205666	0.0017501064504036	0	0	95.9278846153846	781.2363223590568	CDKN1A;ATM	2	34	0.058823529411764705	2.7569355345040747	Regulation Of DNA Biosynthetic Process	Regulation Of DNA Biosynthetic Process
GO_Biological_Process_2023	Negative Regulation Of Cell Cycle G1/S Phase Transition (GO:1902807)	2/35	0.0003079452853975245	0.0018101174092878	0	0	93.01631701631702	752.0916571878076	RB1;CDKN1A	2	35	0.05714285714285714	2.7422932546600443	Negative Regulation Of Cell Cycle G1/S Phase Transition	"Negative Regulation Of Cell Cycle G1/S Phase
Transition"
GO_Biological_Process_2023	Positive Regulation Of Telomere Maintenance Via Telomere Lengthening (GO:1904358)	2/35	0.0003079452853975245	0.0018101174092878	0	0	93.01631701631702	752.0916571878076	ATM;ATR	2	35	0.05714285714285714	2.7422932546600443	Positive Regulation Of Telomere Maintenance Via Telomere Lengthening	"Positive Regulation Of Telomere Maintenance
Via Telomere Lengthening"
GO_Biological_Process_2023	Interstrand Cross-Link Repair (GO:0036297)	2/36	0.0003259186256199044	0.0018926840668529	0	0	90.27601809954751	724.8137654755144	RAD51;FANCD2	2	36	0.05555555555555555	2.72292187387213	Interstrand Cross-Link Repair	Interstrand Cross-Link Repair
GO_Biological_Process_2023	Regulation Of Programmed Cell Death (GO:0043067)	3/195	0.0003808862037655615	0.0021855613120833	0	0	25.772135416666668	202.9042774143802	BAX;ATM;TP53	3	195	0.015384615384615385	2.6604370056346562	Regulation Of Programmed Cell Death	Regulation Of Programmed Cell Death
GO_Biological_Process_2023	Negative Regulation Of Mitotic Cell Cycle Phase Transition (GO:1901991)	2/40	0.0004028203034890469	0.0022576672823455	0	0	80.75708502024291	631.279748139968	RB1;CDKN1A	2	40	0.05	2.6463400606786855	Negative Regulation Of Mitotic Cell Cycle Phase Transition	"Negative Regulation Of Mitotic Cell Cycle
Phase Transition"
GO_Biological_Process_2023	Protein Localization To Chromosome (GO:0034502)	2/40	0.0004028203034890469	0.0022576672823455	0	0	80.75708502024291	631.279748139968	RB1;ATR	2	40	0.05	2.6463400606786855	Protein Localization To Chromosome	Protein Localization To Chromosome
GO_Biological_Process_2023	Protein Phosphorylation (GO:0006468)	4/500	0.0004230841235854126	0.0023184994232276	0	0	14.288123167155426	110.98927668773436	CHEK2;CHEK1;ATM;ATR	4	500	0.008	2.6347930078074704	Protein Phosphorylation	Protein Phosphorylation
GO_Biological_Process_2023	Regulation Of Release Of Cytochrome C From Mitochondria (GO:0090199)	2/41	0.0004232945005062969	0.0023184994232276	0	0	78.68244575936883	611.161365521744	BAX;TP53	2	41	0.04878048780487805	2.6347930078074704	Regulation Of Release Of Cytochrome C From Mitochondria	"Regulation Of Release Of Cytochrome C From
Mitochondria"
GO_Biological_Process_2023	DNA Recombination (GO:0006310)	2/42	0.0004442668898982965	0.0024060296733817	0	0	76.71153846153847	592.1428914459784	RAD51;BRCA1	2	42	0.047619047619047616	2.618699020842199	DNA Recombination	DNA Recombination
GO_Biological_Process_2023	DNA-templated DNA Replication Maintenance Of Fidelity (GO:0045005)	2/43	0.000465736813527105	0.0024942793791118	0	0	74.83677298311444	574.139479895918	RAD51;ATR	2	43	0.046511627906976744	2.6030549036998014	DNA-templated DNA Replication Maintenance Of Fidelity	"DNA-templated DNA Replication Maintenance Of
Fidelity"
GO_Biological_Process_2023	Regulation Of DNA Recombination (GO:0000018)	2/44	0.000487703613586734	0.0025832213378989	0	0	73.05128205128206	557.074662869983	RAD51;CHEK1	2	44	0.045454545454545456	2.5878383806211693	Regulation Of DNA Recombination	Regulation Of DNA Recombination
GO_Biological_Process_2023	Regulation Of Telomerase Activity (GO:0051972)	2/45	0.0005101666330676	0.002672829534115	0	0	71.34883720930233	540.8793496929526	ATM;TP53	2	45	0.044444444444444446	2.5730287384952217	Regulation Of Telomerase Activity	Regulation Of Telomerase Activity
GO_Biological_Process_2023	Regulation Of Fibroblast Proliferation (GO:0048145)	2/46	0.0005331252155032125	0.0027630790738983	0	0	69.72377622377623	525.490965769041	CDKN1A;TP53	2	46	0.043478260869565216	2.5586066862502284	Regulation Of Fibroblast Proliferation	Regulation Of Fibroblast Proliferation
GO_Biological_Process_2023	Cellular Response To Mechanical Stimulus (GO:0071260)	2/48	0.0005805264461589512	0.0029454078636696	0	0	66.68561872909699	496.9129027392016	CASP8;CHEK1	2	48	0.041666666666666664	2.5308545580326287	Cellular Response To Mechanical Stimulus	Cellular Response To Mechanical Stimulus
GO_Biological_Process_2023	Positive Regulation Of Reactive Oxygen Species Metabolic Process (GO:2000379)	2/48	0.0005805264461589512	0.0029454078636696	0	0	66.68561872909699	496.9129027392016	CDKN1A;TP53	2	48	0.041666666666666664	2.5308545580326287	Positive Regulation Of Reactive Oxygen Species Metabolic Process	"Positive Regulation Of Reactive Oxygen
Species Metabolic Process"
GO_Biological_Process_2023	Negative Regulation Of DNA Metabolic Process (GO:0051053)	2/49	0.0006049677843536496	0.0030374424172756	0	0	65.26350245499182	483.6244393301046	CDKN1A;ATR	2	49	0.04081632653061224	2.517491946511822	Negative Regulation Of DNA Metabolic Process	Negative Regulation Of DNA Metabolic Process
GO_Biological_Process_2023	Positive Regulation Of Nucleic Acid-Templated Transcription (GO:1903508)	4/557	0.0006360305140024487	0.0031604815231874	0	0	12.777905638665132	94.04875909490356	CHEK2;BRCA1;BRCA2;TP53	4	557	0.00718132854578097	2.5002467443019554	Positive Regulation Of Nucleic Acid-Templated Transcription	"Positive Regulation Of Nucleic Acid-Templated
Transcription"
GO_Biological_Process_2023	Negative Regulation Of Gene Expression, Epigenetic (GO:0045814)	2/51	0.0006553286359164845	0.003190589924361	0	0	62.59340659340659	458.83306235776007	RB1;CHEK1	2	51	0.0392156862745098	2.4961290106079845	Negative Regulation Of Gene Expression, Epigenetic	"Negative Regulation Of Gene Expression,
Epigenetic"
GO_Biological_Process_2023	Regulation Of Telomere Maintenance Via Telomerase (GO:0032210)	2/51	0.0006553286359164845	0.003190589924361	0	0	62.59340659340659	458.83306235776007	ATM;ATR	2	51	0.0392156862745098	2.4961290106079845	Regulation Of Telomere Maintenance Via Telomerase	"Regulation Of Telomere Maintenance Via
Telomerase"
GO_Biological_Process_2023	Negative Regulation Of DNA-templated Transcription (GO:0045892)	5/1025	0.0006829933330636574	0.0032920278653668	0	0	9.29656862745098	67.76292541329127	RB1;CDKN2A;MDM2;BRCA1;TP53	5	1025	0.004878048780487805	2.482536497358972	Negative Regulation Of DNA-templated Transcription	"Negative Regulation Of DNA-templated
Transcription"
GO_Biological_Process_2023	Cellular Response To Alcohol (GO:0097306)	2/53	0.0007076560338338472	0.0033440216500775	0	0	60.13273001508296	436.1759087353045	RAD51;BRCA1	2	53	0.03773584905660377	2.4757309194869825	Cellular Response To Alcohol	Cellular Response To Alcohol
GO_Biological_Process_2023	Regulation Of Cyclin-Dependent Protein Kinase Activity (GO:1904029)	2/53	0.0007076560338338472	0.0033440216500775	0	0	60.13273001508296	436.1759087353045	CDKN1A;CDKN2A	2	53	0.03773584905660377	2.4757309194869825	Regulation Of Cyclin-Dependent Protein Kinase Activity	"Regulation Of Cyclin-Dependent Protein Kinase
Activity"
GO_Biological_Process_2023	Cellular Response To Peptide (GO:1901653)	2/56	0.0007898229967825743	0.0036256636614209	0	0	56.78347578347579	405.64421204981966	MDM2;TP53	2	56	0.03571428571428571	2.4406124861654725	Cellular Response To Peptide	Cellular Response To Peptide
GO_Biological_Process_2023	Nucleotide-Excision Repair (GO:0006289)	2/56	0.0007898229967825743	0.0036256636614209	0	0	56.78347578347579	405.64421204981966	BRCA2;TP53	2	56	0.03571428571428571	2.4406124861654725	Nucleotide-Excision Repair	Nucleotide-Excision Repair
GO_Biological_Process_2023	Positive Regulation Of Cellular Metabolic Process (GO:0031325)	2/56	0.0007898229967825743	0.0036256636614209	0	0	56.78347578347579	405.64421204981966	CDKN1A;TP53	2	56	0.03571428571428571	2.4406124861654725	Positive Regulation Of Cellular Metabolic Process	"Positive Regulation Of Cellular Metabolic
Process"
GO_Biological_Process_2023	Positive Regulation Of Mitochondrion Organization (GO:0010822)	2/58	0.0008470439593569769	0.0038516527208496	0	0	54.75	387.2882485613963	BAX;TP53	2	58	0.034482758620689655	2.414352877367285	Positive Regulation Of Mitochondrion Organization	"Positive Regulation Of Mitochondrion
Organization"
GO_Biological_Process_2023	Positive Regulation Of Apoptotic Signaling Pathway (GO:2001235)	2/62	0.0009673256915685464	0.0043574858255704	0	0	51.08974358974359	354.61264900622035	BAX;TP53	2	62	0.03225806451612903	2.3607640169285995	Positive Regulation Of Apoptotic Signaling Pathway	"Positive Regulation Of Apoptotic Signaling
Pathway"
GO_Biological_Process_2023	Telomere Organization (GO:0032200)	2/63	0.0009986089739441929	0.0044567548651953	0	0	50.24968474148802	347.18247232150554	ATM;ATR	2	63	0.031746031746031744	2.3509812527481917	Telomere Organization	Telomere Organization
GO_Biological_Process_2023	Cellular Response To Light Stimulus (GO:0071482)	2/65	0.0010626264349573	0.0046142877626075	0	0	48.64957264957265	333.1041915085982	TP53;ATR	2	65	0.03076923076923077	2.335895324896078	Cellular Response To Light Stimulus	Cellular Response To Light Stimulus
GO_Biological_Process_2023	Positive Regulation Of Cell Cycle (GO:0045787)	2/65	0.0010626264349573	0.0046142877626075	0	0	48.64957264957265	333.1041915085982	CHEK1;MDM2	2	65	0.03076923076923077	2.335895324896078	Positive Regulation Of Cell Cycle	Positive Regulation Of Cell Cycle
GO_Biological_Process_2023	Positive Regulation Of DNA Biosynthetic Process (GO:2000573)	2/65	0.0010626264349573	0.0046142877626075	0	0	48.64957264957265	333.1041915085982	ATM;ATR	2	65	0.03076923076923077	2.335895324896078	Positive Regulation Of DNA Biosynthetic Process	"Positive Regulation Of DNA Biosynthetic
Process"
GO_Biological_Process_2023	Activation Of Cysteine-Type Endopeptidase Activity Involved In Apoptotic Process (GO:0006919)	2/67	0.0011285741249095	0.004813917948729	0	0	47.14792899408284	319.9835776705031	CASP8;BAX	2	67	0.029850746268656716	2.317501316370485	Activation Of Cysteine-Type Endopeptidase Activity Involved In Apoptotic Process	"Activation Of Cysteine-Type Endopeptidase
Activity Involved In Apoptotic Process"
GO_Biological_Process_2023	Extrinsic Apoptotic Signaling Pathway (GO:0097191)	2/67	0.0011285741249095	0.004813917948729	0	0	47.14792899408284	319.9835776705031	CASP8;BAX	2	67	0.029850746268656716	2.317501316370485	Extrinsic Apoptotic Signaling Pathway	Extrinsic Apoptotic Signaling Pathway
GO_Biological_Process_2023	Negative Regulation Of Protein Binding (GO:0032091)	2/71	0.0012662395991897	0.0053071955374733	0	0	44.405797101449274	296.26232154713927	CDKN1A;BAX	2	71	0.028169014084507043	2.2751349109986085	Negative Regulation Of Protein Binding	Negative Regulation Of Protein Binding
GO_Biological_Process_2023	Regulation Of Double-Strand Break Repair Via Homologous Recombination (GO:0010569)	2/71	0.0012662395991897	0.0053071955374733	0	0	44.405797101449274	296.26232154713927	RAD51;CHEK1	2	71	0.028169014084507043	2.2751349109986085	Regulation Of Double-Strand Break Repair Via Homologous Recombination	"Regulation Of Double-Strand Break Repair Via
Homologous Recombination"
GO_Biological_Process_2023	Regulation Of Intracellular Signal Transduction (GO:1902531)	3/297	0.0012920785229575	0.0053631947385328	0	0	16.74404761904762	111.37308463100696	CHEK2;CHEK1;ATM	3	297	0.010101010101010102	2.2705764334425362	Regulation Of Intracellular Signal Transduction	"Regulation Of Intracellular Signal
Transduction"
GO_Biological_Process_2023	Cellular Response To Hypoxia (GO:0071456)	2/72	0.0013018543244986	0.0053631947385328	0	0	43.76923076923077	290.8012647685607	MDM2;TP53	2	72	0.027777777777777776	2.2705764334425362	Cellular Response To Hypoxia	Cellular Response To Hypoxia
GO_Biological_Process_2023	Cellular Response To Decreased Oxygen Levels (GO:0036294)	2/73	0.0013379471101985	0.0054651737891159	0	0	43.15059588299025	285.51104598113415	MDM2;TP53	2	73	0.0273972602739726	2.2623960232011955	Cellular Response To Decreased Oxygen Levels	Cellular Response To Decreased Oxygen Levels
GO_Biological_Process_2023	Regulation Of Cell Cycle G1/S Phase Transition (GO:1902806)	2/74	0.0013745173165769	0.0055673726604209	0	0	42.5491452991453	280.3840881601199	CDKN1A;CDKN2A	2	74	0.02702702702702703	2.2543497075689998	Regulation Of Cell Cycle G1/S Phase Transition	"Regulation Of Cell Cycle G1/S Phase
Transition"
GO_Biological_Process_2023	Negative Regulation Of Phosphorylation (GO:0042326)	2/75	0.0014115643037611	0.0056697832867738	0	0	41.964172813487885	275.41324782087395	CDKN1A;CDKN2A	2	75	0.02666666666666667	2.2464335406056772	Negative Regulation Of Phosphorylation	Negative Regulation Of Phosphorylation
GO_Biological_Process_2023	Proteolysis Involved In Protein Catabolic Process (GO:0051603)	2/78	0.0015255595664545	0.0060770224052155	0	0	40.30161943319838	261.37188116066267	CASP8;MDM2	2	78	0.02564102564102564	2.216309162460727	Proteolysis Involved In Protein Catabolic Process	"Proteolysis Involved In Protein Catabolic
Process"
GO_Biological_Process_2023	Regulation Of Cyclin-Dependent Protein Serine/Threonine Kinase Activity (GO:0000079)	2/79	0.0015645072954225	0.0061810861999481	0	0	39.77622377622377	256.96173761592104	CDKN1A;CDKN2A	2	79	0.02531645569620253	2.2089351997990883	Regulation Of Cyclin-Dependent Protein Serine/Threonine Kinase Activity	"Regulation Of Cyclin-Dependent Protein
Serine/Threonine Kinase Activity"
GO_Biological_Process_2023	Protein Modification Process (GO:0036211)	4/711	0.0015801427639758	0.0061921041645231	0	0	9.915391539153916	63.9566559056063	CHEK2;CHEK1;ATM;ATR	4	711	0.005625879043600563	2.2081617464955303	Protein Modification Process	Protein Modification Process
GO_Biological_Process_2023	Positive Regulation Of DNA-templated Transcription (GO:0045893)	5/1243	0.0016332742223285	0.0063486949609869	0	0	7.571486268174475	48.587503584140634	CHEK2;ATM;BRCA1;BRCA2;TP53	5	1243	0.004022526146419952	2.197315539194776	Positive Regulation Of DNA-templated Transcription	"Positive Regulation Of DNA-templated
Transcription"
GO_Biological_Process_2023	Regulation Of Phosphorylation (GO:0042325)	2/82	0.0016841894934286	0.0064942346866608	0	0	38.27884615384615	244.4667348921532	CDKN1A;CDKN2A	2	82	0.024390243902439025	2.187472021025677	Regulation Of Phosphorylation	Regulation Of Phosphorylation
GO_Biological_Process_2023	Epigenetic Regulation Of Gene Expression (GO:0040029)	2/83	0.0017250277788369	0.0065989157888843	0	0	37.80436847103514	240.5307527732223	CHEK1;TP53	2	83	0.024096385542168676	2.1805274137891457	Epigenetic Regulation Of Gene Expression	Epigenetic Regulation Of Gene Expression
GO_Biological_Process_2023	Negative Regulation Of Binding (GO:0051100)	2/86	0.0018503664133103	0.0069677860251219	0	0	36.44871794871795	229.34887761330484	CDKN1A;BAX	2	86	0.023255813953488372	2.156905194615732	Negative Regulation Of Binding	Negative Regulation Of Binding
GO_Biological_Process_2023	Regulation Of Mitotic Cell Cycle Phase Transition (GO:1901990)	2/86	0.0018503664133103	0.0069677860251219	0	0	36.44871794871795	229.34887761330484	CDKN1A;CDKN2A	2	86	0.023255813953488372	2.156905194615732	Regulation Of Mitotic Cell Cycle Phase Transition	"Regulation Of Mitotic Cell Cycle Phase
Transition"
GO_Biological_Process_2023	Negative Regulation Of Protein Kinase Activity (GO:0006469)	2/88	0.0019362723227191	0.0072347539500048	0	0	35.597495527728086	222.37722127867997	RB1;CDKN1A	2	88	0.022727272727272728	2.1405762344098034	Negative Regulation Of Protein Kinase Activity	"Negative Regulation Of Protein Kinase
Activity"
GO_Biological_Process_2023	Regulation Of Cell Population Proliferation (GO:0042127)	4/766	0.0020783084891846	0.0077057283983615	0	0	9.173466952994511	56.65717524080554	CDKN1A;CDKN2A;MDM2;TP53	4	766	0.005221932114882507	2.113186302508538	Regulation Of Cell Population Proliferation	Regulation Of Cell Population Proliferation
GO_Biological_Process_2023	Positive Regulation Of Macromolecule Metabolic Process (GO:0010604)	3/364	0.00231206078161	0.0084425249752728	0	0	13.590027700831024	82.48625010197594	ATM;BRCA1;TP53	3	364	0.008241758241758242	2.073527645930085	Positive Regulation Of Macromolecule Metabolic Process	"Positive Regulation Of Macromolecule
Metabolic Process"
GO_Biological_Process_2023	Regulation Of Protein Metabolic Process (GO:0051246)	2/96	0.0022985611577693	0.0084425249752728	0	0	32.55482815057283	197.78594479007495	CHEK2;MDM2	2	96	0.020833333333333332	2.073527645930085	Regulation Of Protein Metabolic Process	Regulation Of Protein Metabolic Process
GO_Biological_Process_2023	Response To UV (GO:0009411)	2/100	0.0024908343052083	0.0090269333466948	0	0	31.21978021978022	187.16687708215863	TP53;ATR	2	100	0.02	2.0444597642833076	Response To UV	Response To UV
GO_Biological_Process_2023	Negative Regulation Of Cell Population Proliferation (GO:0008285)	3/379	0.0025930632372506	0.0093272871668268	0	0	13.037898936170214	77.63958496365372	CDKN1A;CDKN2A;TP53	3	379	0.0079155672823219	2.0302446520515134	Negative Regulation Of Cell Population Proliferation	"Negative Regulation Of Cell Population
Proliferation"
GO_Biological_Process_2023	Positive Regulation Of DNA Metabolic Process (GO:0051054)	2/108	0.0028974379576251	0.0102688609968775	0	0	28.851959361393323	168.60878457384547	RAD51;BRCA1	2	108	0.018518518518518517	1.9884777248743382	Positive Regulation Of DNA Metabolic Process	Positive Regulation Of DNA Metabolic Process
GO_Biological_Process_2023	Response To Tumor Necrosis Factor (GO:0034612)	2/108	0.0028974379576251	0.0102688609968775	0	0	28.851959361393323	168.60878457384547	CASP8;BRCA1	2	108	0.018518518518518517	1.9884777248743382	Response To Tumor Necrosis Factor	Response To Tumor Necrosis Factor
GO_Biological_Process_2023	Positive Regulation Of Cysteine-Type Endopeptidase Activity Involved In Apoptotic Process (GO:0043280)	2/109	0.0029503191560754	0.0103799549870683	0	0	28.580877066858378	166.50767189744704	CASP8;BAX	2	109	0.01834862385321101	1.9838045298122466	Positive Regulation Of Cysteine-Type Endopeptidase Activity Involved In Apoptotic Process	"Positive Regulation Of Cysteine-Type
Endopeptidase Activity Involved In Apoptotic
Process"
GO_Biological_Process_2023	Mitotic Cell Cycle Phase Transition (GO:0044772)	2/111	0.0030574452255414	0.01067890288921	0	0	28.05363443895554	162.4354697698338	CDKN1A;CHEK2	2	111	0.018018018018018018	1.9714733628165102	Mitotic Cell Cycle Phase Transition	Mitotic Cell Cycle Phase Transition
GO_Biological_Process_2023	Positive Regulation Of Cellular Component Organization (GO:0051130)	2/113	0.0031663854030102	0.0109798400305821	0	0	27.545391545391546	158.52826212485263	RB1;BAX	2	113	0.017699115044247787	1.9594039872394386	Positive Regulation Of Cellular Component Organization	"Positive Regulation Of Cellular Component
Organization"
GO_Biological_Process_2023	Response To Endoplasmic Reticulum Stress (GO:0034976)	2/114	0.003221534238839	0.0110912821651458	0	0	27.298076923076923	156.63356900273516	BAX;TP53	2	114	0.017543859649122806	1.9550182460004384	Response To Endoplasmic Reticulum Stress	Response To Endoplasmic Reticulum Stress
GO_Biological_Process_2023	Cellular Response To Oxidative Stress (GO:0034599)	2/117	0.0033896883352085	0.0115874452309964	0	0	26.581939799331103	151.17195146203872	ATM;TP53	2	117	0.017094017094017096	1.9360123055708343	Cellular Response To Oxidative Stress	Cellular Response To Oxidative Stress
GO_Biological_Process_2023	Regulation Of Protein Binding (GO:0043393)	2/118	0.0034466401799523	0.0116479163964899	0	0	26.351458885941646	149.42213675257386	CDKN1A;BAX	2	118	0.01694915254237288	1.9337517551904995	Regulation Of Protein Binding	Regulation Of Protein Binding
GO_Biological_Process_2023	Cellular Response To Tumor Necrosis Factor (GO:0071356)	2/119	0.0035040412396079	0.0116479163964899	0	0	26.12491781722551	147.7060618977154	BRCA1;TP53	2	119	0.01680672268907563	1.9337517551904995	Cellular Response To Tumor Necrosis Factor	Cellular Response To Tumor Necrosis Factor
GO_Biological_Process_2023	Regulation Of Protein Kinase Activity (GO:0045859)	2/119	0.0035040412396079	0.0116479163964899	0	0	26.12491781722551	147.7060618977154	RB1;CDKN1A	2	119	0.01680672268907563	1.9337517551904995	Regulation Of Protein Kinase Activity	Regulation Of Protein Kinase Activity
GO_Biological_Process_2023	Regulation Of Protein-Containing Complex Assembly (GO:0043254)	2/119	0.0035040412396079	0.0116479163964899	0	0	26.12491781722551	147.7060618977154	RB1;BAX	2	119	0.01680672268907563	1.9337517551904995	Regulation Of Protein-Containing Complex Assembly	"Regulation Of Protein-Containing Complex
Assembly"
GO_Biological_Process_2023	Regulation Of Protein Catabolic Process (GO:0042176)	2/122	0.0036789335760283	0.0119532714864775	0	0	25.46794871794872	142.75122344884733	CHEK2;MDM2	2	122	0.01639344262295082	1.9225132165501937	Regulation Of Protein Catabolic Process	Regulation Of Protein Catabolic Process
GO_Biological_Process_2023	Activation Of Cysteine-Type Endopeptidase Activity Involved In Apoptotic Process By Cytochrome C (GO:0008635)	1/5	0.0037446970839379	0.0119532714864775	0	0	356.80357142857144	1993.609466758919	BAX	1	5	0.2	1.9225132165501937	Activation Of Cysteine-Type Endopeptidase Activity Involved In Apoptotic Process By Cytochrome C	"Activation Of Cysteine-Type Endopeptidase
Activity Involved In Apoptotic Process By
Cytochrome C"
GO_Biological_Process_2023	Double-Strand Break Repair Via Synthesis-Dependent Strand Annealing (GO:0045003)	1/5	0.0037446970839379	0.0119532714864775	0	0	356.80357142857144	1993.609466758919	RAD51	1	5	0.2	1.9225132165501937	Double-Strand Break Repair Via Synthesis-Dependent Strand Annealing	"Double-Strand Break Repair Via Synthesis-
Dependent Strand Annealing"
GO_Biological_Process_2023	Establishment Of Protein Localization To Telomere (GO:0070200)	1/5	0.0037446970839379	0.0119532714864775	0	0	356.80357142857144	1993.609466758919	BRCA2	1	5	0.2	1.9225132165501937	Establishment Of Protein Localization To Telomere	"Establishment Of Protein Localization To
Telomere"
GO_Biological_Process_2023	Regulation Of Pentose-Phosphate Shunt (GO:0043456)	1/5	0.0037446970839379	0.0119532714864775	0	0	356.80357142857144	1993.609466758919	TP53	1	5	0.2	1.9225132165501937	Regulation Of Pentose-Phosphate Shunt	Regulation Of Pentose-Phosphate Shunt
GO_Biological_Process_2023	Regulation Of Thymocyte Apoptotic Process (GO:0070243)	1/5	0.0037446970839379	0.0119532714864775	0	0	356.80357142857144	1993.609466758919	TP53	1	5	0.2	1.9225132165501937	Regulation Of Thymocyte Apoptotic Process	Regulation Of Thymocyte Apoptotic Process
GO_Biological_Process_2023	Regulation Of Mitotic Cell Cycle (GO:0007346)	2/125	0.0038578467913376	0.0122334352198996	0	0	24.84302689180738	138.06875095168758	RB1;MDM2	2	125	0.016	1.9124515734166811	Regulation Of Mitotic Cell Cycle	Regulation Of Mitotic Cell Cycle
GO_Biological_Process_2023	Cellular Response To Starvation (GO:0009267)	2/126	0.0039183752064815	0.0122640055163903	0	0	24.641439205955336	136.5647830213751	CDKN1A;TP53	2	126	0.015873015873015872	1.911367662806541	Cellular Response To Starvation	Cellular Response To Starvation
GO_Biological_Process_2023	Protein-Containing Complex Organization (GO:0043933)	2/126	0.0039183752064815	0.0122640055163903	0	0	24.641439205955336	136.5647830213751	MDM2;TP53	2	126	0.015873015873015872	1.911367662806541	Protein-Containing Complex Organization	Protein-Containing Complex Organization
GO_Biological_Process_2023	Regulation Of DNA Repair (GO:0006282)	2/129	0.0041026239444549	0.0127578370401759	0	0	24.0557238037553	132.21334975182162	BRCA1;ATR	2	129	0.015503875968992248	1.894222949528745	Regulation Of DNA Repair	Regulation Of DNA Repair
GO_Biological_Process_2023	Circulatory System Development (GO:0072359)	2/132	0.0042908551466779	0.0132576421839666	0	0	23.497041420118343	128.0886989134183	CDKN1A;CASP8	2	132	0.015151515151515152	1.87753370651519	Circulatory System Development	Circulatory System Development
GO_Biological_Process_2023	DNA Strand Resection Involved In Replication Fork Processing (GO:0110025)	1/6	0.0044920683932145	0.0136174651920088	0	0	285.42857142857144	1542.8675927558304	BRCA1	1	6	0.16666666666666666	1.8659037261659244	DNA Strand Resection Involved In Replication Fork Processing	"DNA Strand Resection Involved In Replication
Fork Processing"
GO_Biological_Process_2023	Positive Regulation Of IRE1-mediated Unfolded Protein Response (GO:1903896)	1/6	0.0044920683932145	0.0136174651920088	0	0	285.42857142857144	1542.8675927558304	BAX	1	6	0.16666666666666666	1.8659037261659244	Positive Regulation Of IRE1-mediated Unfolded Protein Response	"Positive Regulation Of IRE1-mediated Unfolded
Protein Response"
GO_Biological_Process_2023	Regulation Of Collagen Fibril Organization (GO:1904026)	1/6	0.0044920683932145	0.0136174651920088	0	0	285.42857142857144	1542.8675927558304	RB1	1	6	0.16666666666666666	1.8659037261659244	Regulation Of Collagen Fibril Organization	Regulation Of Collagen Fibril Organization
GO_Biological_Process_2023	Negative Regulation Of Cellular Biosynthetic Process (GO:0031327)	2/137	0.0046133792489356	0.0138978049874186	0	0	22.62108262108262	121.67415851215912	CDKN1A;BRCA1	2	137	0.014598540145985401	1.8570537865896664	Negative Regulation Of Cellular Biosynthetic Process	"Negative Regulation Of Cellular Biosynthetic
Process"
GO_Biological_Process_2023	Positive Regulation Of Gene Expression (GO:0010628)	3/480	0.0050411249764934	0.0150920635942226	0	0	10.224318658280922	54.087934091037305	ATM;BRCA1;TP53	3	480	0.00625	1.821251373457673	Positive Regulation Of Gene Expression	Positive Regulation Of Gene Expression
GO_Biological_Process_2023	Negative Regulation Of Apoptotic Process (GO:0043066)	3/482	0.0050999225732571	0.0151207062453746	0	0	10.180584551148224	53.738520167334826	RB1;MDM2;TP53	3	482	0.006224066390041493	1.8204279236955285	Negative Regulation Of Apoptotic Process	Negative Regulation Of Apoptotic Process
GO_Biological_Process_2023	ER Overload Response (GO:0006983)	1/7	0.0052389168941443	0.0151207062453746	0	0	237.8452380952381	1249.0776854949	TP53	1	7	0.14285714285714285	1.8204279236955285	ER Overload Response	ER Overload Response
GO_Biological_Process_2023	Histone H2A K63-linked Deubiquitination (GO:0070537)	1/7	0.0052389168941443	0.0151207062453746	0	0	237.8452380952381	1249.0776854949	BRCA1	1	7	0.14285714285714285	1.8204279236955285	Histone H2A K63-linked Deubiquitination	Histone H2A K63-linked Deubiquitination
GO_Biological_Process_2023	Negative Regulation Of Mitochondrial Membrane Potential (GO:0010917)	1/7	0.0052389168941443	0.0151207062453746	0	0	237.8452380952381	1249.0776854949	BAX	1	7	0.14285714285714285	1.8204279236955285	Negative Regulation Of Mitochondrial Membrane Potential	"Negative Regulation Of Mitochondrial Membrane
Potential"
GO_Biological_Process_2023	Positive Regulation Of Execution Phase Of Apoptosis (GO:1900119)	1/7	0.0052389168941443	0.0151207062453746	0	0	237.8452380952381	1249.0776854949	TP53	1	7	0.14285714285714285	1.8204279236955285	Positive Regulation Of Execution Phase Of Apoptosis	"Positive Regulation Of Execution Phase Of
Apoptosis"
GO_Biological_Process_2023	Positive Regulation Of Myeloid Cell Apoptotic Process (GO:0033034)	1/7	0.0052389168941443	0.0151207062453746	0	0	237.8452380952381	1249.0776854949	CDKN2A	1	7	0.14285714285714285	1.8204279236955285	Positive Regulation Of Myeloid Cell Apoptotic Process	"Positive Regulation Of Myeloid Cell Apoptotic
Process"
GO_Biological_Process_2023	Negative Regulation Of DNA-binding Transcription Factor Activity (GO:0043433)	2/149	0.005431934438354	0.0154922627176724	0	0	20.761904761904763	108.28288294418904	RB1;CDKN2A	2	149	0.013422818791946308	1.8098851468610135	Negative Regulation Of DNA-binding Transcription Factor Activity	"Negative Regulation Of DNA-binding
Transcription Factor Activity"
GO_Biological_Process_2023	Negative Regulation Of Protein Phosphorylation (GO:0001933)	2/149	0.005431934438354	0.0154922627176724	0	0	20.761904761904763	108.28288294418904	RB1;CDKN1A	2	149	0.013422818791946308	1.8098851468610135	Negative Regulation Of Protein Phosphorylation	"Negative Regulation Of Protein
Phosphorylation"
GO_Biological_Process_2023	Cellular Response To Organic Cyclic Compound (GO:0071407)	2/152	0.0056462987842181	0.0160089177293714	0	0	20.343589743589742	105.31378055216794	RAD51;BRCA1	2	152	0.013157894736842105	1.7956380272343155	Cellular Response To Organic Cyclic Compound	Cellular Response To Organic Cyclic Compound
GO_Biological_Process_2023	DNA Damage Response, Signal Transduction By P53 Class Mediator Resulting In Transcription Of P21 Class Mediator (GO:0006978)	1/8	0.0059852428364459	0.0162987968766493	0	0	203.8571428571429	1043.434298452164	TP53	1	8	0.125	1.7878444525970703	DNA Damage Response, Signal Transduction By P53 Class Mediator Resulting In Transcription Of P21 Class Mediator	"DNA Damage Response, Signal Transduction By
P53 Class Mediator Resulting In Transcription
Of P21 Class Mediator"
GO_Biological_Process_2023	Mitochondrial Fragmentation Involved In Apoptotic Process (GO:0043653)	1/8	0.0059852428364459	0.0162987968766493	0	0	203.8571428571429	1043.434298452164	BAX	1	8	0.125	1.7878444525970703	Mitochondrial Fragmentation Involved In Apoptotic Process	"Mitochondrial Fragmentation Involved In
Apoptotic Process"
GO_Biological_Process_2023	Negative Regulation Of Membrane Potential (GO:0045837)	1/8	0.0059852428364459	0.0162987968766493	0	0	203.8571428571429	1043.434298452164	BAX	1	8	0.125	1.7878444525970703	Negative Regulation Of Membrane Potential	Negative Regulation Of Membrane Potential
GO_Biological_Process_2023	Negative Regulation Of Mitotic Nuclear Division (GO:0045839)	1/8	0.0059852428364459	0.0162987968766493	0	0	203.8571428571429	1043.434298452164	CHEK1	1	8	0.125	1.7878444525970703	Negative Regulation Of Mitotic Nuclear Division	"Negative Regulation Of Mitotic Nuclear
Division"
GO_Biological_Process_2023	Regulation Of Helicase Activity (GO:0051095)	1/8	0.0059852428364459	0.0162987968766493	0	0	203.8571428571429	1043.434298452164	TP53	1	8	0.125	1.7878444525970703	Regulation Of Helicase Activity	Regulation Of Helicase Activity
GO_Biological_Process_2023	Regulation Of Intrinsic Apoptotic Signaling Pathway By P53 Class Mediator (GO:1902253)	1/8	0.0059852428364459	0.0162987968766493	0	0	203.8571428571429	1043.434298452164	MDM2	1	8	0.125	1.7878444525970703	Regulation Of Intrinsic Apoptotic Signaling Pathway By P53 Class Mediator	"Regulation Of Intrinsic Apoptotic Signaling
Pathway By P53 Class Mediator"
GO_Biological_Process_2023	Regulation Of Mitotic Centrosome Separation (GO:0046602)	1/8	0.0059852428364459	0.0162987968766493	0	0	203.8571428571429	1043.434298452164	CHEK1	1	8	0.125	1.7878444525970703	Regulation Of Mitotic Centrosome Separation	Regulation Of Mitotic Centrosome Separation
GO_Biological_Process_2023	Peptidyl-Serine Phosphorylation (GO:0018105)	2/158	0.006086585361302	0.0164816524952111	0	0	19.555226824457595	99.76427591098042	ATM;ATR	2	158	0.012658227848101266	1.7829992469124103	Peptidyl-Serine Phosphorylation	Peptidyl-Serine Phosphorylation
GO_Biological_Process_2023	Positive Regulation Of Intracellular Signal Transduction (GO:1902533)	3/525	0.006466667795337	0.016897731302318	0	0	9.321360153256704	46.989855788919314	CASP8;BAX;TP53	3	525	0.005714285714285714	1.7721716000622862	Positive Regulation Of Intracellular Signal Transduction	"Positive Regulation Of Intracellular Signal
Transduction"
GO_Biological_Process_2023	Peptidyl-Serine Modification (GO:0018209)	2/166	0.0066974179551681	0.016897731302318	0	0	18.593808630394	93.08122344256824	ATM;ATR	2	166	0.012048192771084338	1.7721716000622862	Peptidyl-Serine Modification	Peptidyl-Serine Modification
GO_Biological_Process_2023	Autophagy Of Peroxisome (GO:0030242)	1/9	0.0067310464938694	0.016897731302318	0	0	178.36607142857142	892.013120036697	ATM	1	9	0.1111111111111111	1.7721716000622862	Autophagy Of Peroxisome	Autophagy Of Peroxisome
GO_Biological_Process_2023	DNA Damage Response, Signal Transduction Resulting In Transcription (GO:0042772)	1/9	0.0067310464938694	0.016897731302318	0	0	178.36607142857142	892.013120036697	TP53	1	9	0.1111111111111111	1.7721716000622862	DNA Damage Response, Signal Transduction Resulting In Transcription	"DNA Damage Response, Signal Transduction
Resulting In Transcription"
GO_Biological_Process_2023	Hematopoietic Stem Cell Differentiation (GO:0060218)	1/9	0.0067310464938694	0.016897731302318	0	0	178.36607142857142	892.013120036697	TP53	1	9	0.1111111111111111	1.7721716000622862	Hematopoietic Stem Cell Differentiation	Hematopoietic Stem Cell Differentiation
GO_Biological_Process_2023	Homologous Recombination (GO:0035825)	1/9	0.0067310464938694	0.016897731302318	0	0	178.36607142857142	892.013120036697	BRCA1	1	9	0.1111111111111111	1.7721716000622862	Homologous Recombination	Homologous Recombination
GO_Biological_Process_2023	Negative Regulation Of Necroptotic Process (GO:0060546)	1/9	0.0067310464938694	0.016897731302318	0	0	178.36607142857142	892.013120036697	CASP8	1	9	0.1111111111111111	1.7721716000622862	Negative Regulation Of Necroptotic Process	Negative Regulation Of Necroptotic Process
GO_Biological_Process_2023	Negative Regulation Of Telomerase Activity (GO:0051974)	1/9	0.0067310464938694	0.016897731302318	0	0	178.36607142857142	892.013120036697	TP53	1	9	0.1111111111111111	1.7721716000622862	Negative Regulation Of Telomerase Activity	Negative Regulation Of Telomerase Activity
GO_Biological_Process_2023	Positive Regulation Of Leukocyte Apoptotic Process (GO:2000108)	1/9	0.0067310464938694	0.016897731302318	0	0	178.36607142857142	892.013120036697	CDKN2A	1	9	0.1111111111111111	1.7721716000622862	Positive Regulation Of Leukocyte Apoptotic Process	"Positive Regulation Of Leukocyte Apoptotic
Process"
GO_Biological_Process_2023	Positive Regulation Of T Cell Apoptotic Process (GO:0070234)	1/9	0.0067310464938694	0.016897731302318	0	0	178.36607142857142	892.013120036697	TP53	1	9	0.1111111111111111	1.7721716000622862	Positive Regulation Of T Cell Apoptotic Process	"Positive Regulation Of T Cell Apoptotic
Process"
GO_Biological_Process_2023	Protein K6-linked Ubiquitination (GO:0085020)	1/9	0.0067310464938694	0.016897731302318	0	0	178.36607142857142	892.013120036697	BRCA1	1	9	0.1111111111111111	1.7721716000622862	Protein K6-linked Ubiquitination	Protein K6-linked Ubiquitination
GO_Biological_Process_2023	Regulation Of Endoplasmic Reticulum Unfolded Protein Response (GO:1900101)	1/9	0.0067310464938694	0.016897731302318	0	0	178.36607142857142	892.013120036697	BAX	1	9	0.1111111111111111	1.7721716000622862	Regulation Of Endoplasmic Reticulum Unfolded Protein Response	"Regulation Of Endoplasmic Reticulum Unfolded
Protein Response"
GO_Biological_Process_2023	Regulation Of Tau-Protein Kinase Activity (GO:1902947)	1/9	0.0067310464938694	0.016897731302318	0	0	178.36607142857142	892.013120036697	RB1	1	9	0.1111111111111111	1.7721716000622862	Regulation Of Tau-Protein Kinase Activity	Regulation Of Tau-Protein Kinase Activity
GO_Biological_Process_2023	Telomere Maintenance Via Recombination (GO:0000722)	1/9	0.0067310464938694	0.016897731302318	0	0	178.36607142857142	892.013120036697	RAD51	1	9	0.1111111111111111	1.7721716000622862	Telomere Maintenance Via Recombination	Telomere Maintenance Via Recombination
GO_Biological_Process_2023	Heart Development (GO:0007507)	2/171	0.0070928700589526	0.0177137998363481	0	0	18.039144287664996	89.26968587265013	CDKN1A;CASP8	2	171	0.011695906432748537	1.7516882671020866	Heart Development	Heart Development
GO_Biological_Process_2023	Mitotic G1/S Transition Checkpoint Signaling (GO:0044819)	1/10	0.0074763281564485	0.0181084933236593	0	0	158.53968253968253	776.212425317664	TP53	1	10	0.1	1.742117682675534	Mitotic G1/S Transition Checkpoint Signaling	Mitotic G1/S Transition Checkpoint Signaling
GO_Biological_Process_2023	Negative Regulation Of Nuclear Division (GO:0051784)	1/10	0.0074763281564485	0.0181084933236593	0	0	158.53968253968253	776.212425317664	CHEK1	1	10	0.1	1.742117682675534	Negative Regulation Of Nuclear Division	Negative Regulation Of Nuclear Division
GO_Biological_Process_2023	Negative Regulation Of Programmed Necrotic Cell Death (GO:0062099)	1/10	0.0074763281564485	0.0181084933236593	0	0	158.53968253968253	776.212425317664	CASP8	1	10	0.1	1.742117682675534	Negative Regulation Of Programmed Necrotic Cell Death	"Negative Regulation Of Programmed Necrotic
Cell Death"
GO_Biological_Process_2023	Positive Regulation Of Cellular Senescence (GO:2000774)	1/10	0.0074763281564485	0.0181084933236593	0	0	158.53968253968253	776.212425317664	TP53	1	10	0.1	1.742117682675534	Positive Regulation Of Cellular Senescence	Positive Regulation Of Cellular Senescence
GO_Biological_Process_2023	Positive Regulation Of Transcription From RNA Polymerase II Promoter In Response To Endoplasmic Reticulum Stress (GO:1990440)	1/10	0.0074763281564485	0.0181084933236593	0	0	158.53968253968253	776.212425317664	TP53	1	10	0.1	1.742117682675534	Positive Regulation Of Transcription From RNA Polymerase II Promoter In Response To Endoplasmic Reticulum Stress	"Positive Regulation Of Transcription From RNA
Polymerase II Promoter In Response To
Endoplasmic Reticulum Stress"
GO_Biological_Process_2023	Regulation Of Smooth Muscle Cell Apoptotic Process (GO:0034391)	1/10	0.0074763281564485	0.0181084933236593	0	0	158.53968253968253	776.212425317664	CDKN2A	1	10	0.1	1.742117682675534	Regulation Of Smooth Muscle Cell Apoptotic Process	"Regulation Of Smooth Muscle Cell Apoptotic
Process"
GO_Biological_Process_2023	Positive Regulation Of Endoplasmic Reticulum Unfolded Protein Response (GO:1900103)	1/11	0.0082210881236714	0.0193295828078519	0	0	142.67857142857142	685.0073410932765	BAX	1	11	0.09090909090909091	1.713777519287694	Positive Regulation Of Endoplasmic Reticulum Unfolded Protein Response	"Positive Regulation Of Endoplasmic Reticulum
Unfolded Protein Response"
GO_Biological_Process_2023	Positive Regulation Of Metaphase/Anaphase Transition Of Cell Cycle (GO:1902101)	1/11	0.0082210881236714	0.0193295828078519	0	0	142.67857142857142	685.0073410932765	RB1	1	11	0.09090909090909091	1.713777519287694	Positive Regulation Of Metaphase/Anaphase Transition Of Cell Cycle	"Positive Regulation Of Metaphase/Anaphase
Transition Of Cell Cycle"
GO_Biological_Process_2023	Positive Regulation Of Mitotic Metaphase/Anaphase Transition (GO:0045842)	1/11	0.0082210881236714	0.0193295828078519	0	0	142.67857142857142	685.0073410932765	RB1	1	11	0.09090909090909091	1.713777519287694	Positive Regulation Of Mitotic Metaphase/Anaphase Transition	"Positive Regulation Of Mitotic
Metaphase/Anaphase Transition"
GO_Biological_Process_2023	Regulation Of Lipid Kinase Activity (GO:0043550)	1/11	0.0082210881236714	0.0193295828078519	0	0	142.67857142857142	685.0073410932765	RB1	1	11	0.09090909090909091	1.713777519287694	Regulation Of Lipid Kinase Activity	Regulation Of Lipid Kinase Activity
GO_Biological_Process_2023	Response To X-ray (GO:0010165)	1/11	0.0082210881236714	0.0193295828078519	0	0	142.67857142857142	685.0073410932765	ATM	1	11	0.09090909090909091	1.713777519287694	Response To X-ray	Response To X-ray
GO_Biological_Process_2023	Self Proteolysis (GO:0097264)	1/11	0.0082210881236714	0.0193295828078519	0	0	142.67857142857142	685.0073410932765	CASP8	1	11	0.09090909090909091	1.713777519287694	Self Proteolysis	Self Proteolysis
GO_Biological_Process_2023	Mitotic DNA Integrity Checkpoint Signaling (GO:0044774)	1/12	0.0089653267055102	0.0207754205387305	0	0	129.7012987012987	611.4626002996463	CHEK2	1	12	0.08333333333333333	1.6824501764102011	Mitotic DNA Integrity Checkpoint Signaling	Mitotic DNA Integrity Checkpoint Signaling
GO_Biological_Process_2023	Positive Regulation Of Histone H3-K4 Methylation (GO:0051571)	1/12	0.0089653267055102	0.0207754205387305	0	0	129.7012987012987	611.4626002996463	BRCA1	1	12	0.08333333333333333	1.6824501764102011	Positive Regulation Of Histone H3-K4 Methylation	"Positive Regulation Of Histone H3-K4
Methylation"
GO_Biological_Process_2023	Regulation Of Transcription From RNA Polymerase II Promoter In Response To Stress (GO:0043618)	1/12	0.0089653267055102	0.0207754205387305	0	0	129.7012987012987	611.4626002996463	TP53	1	12	0.08333333333333333	1.6824501764102011	Regulation Of Transcription From RNA Polymerase II Promoter In Response To Stress	"Regulation Of Transcription From RNA
Polymerase II Promoter In Response To Stress"
GO_Biological_Process_2023	Positive Regulation Of Cellular Process (GO:0048522)	3/594	0.0090844683790133	0.0209507835343752	0	0	8.20389170896785	38.568046240321856	CHEK1;MDM2;ATM	3	594	0.005050505050505051	1.6787997302970972	Positive Regulation Of Cellular Process	Positive Regulation Of Cellular Process
GO_Biological_Process_2023	Negative Regulation Of DNA Damage Response, Signal Transduction By P53 Class Mediator (GO:0043518)	1/13	0.0097090442156726	0.022178954085091	0	0	118.88690476190476	551.0048324972125	MDM2	1	13	0.07692307692307693	1.6540589381590751	Negative Regulation Of DNA Damage Response, Signal Transduction By P53 Class Mediator	"Negative Regulation Of DNA Damage Response,
Signal Transduction By P53 Class Mediator"
GO_Biological_Process_2023	Regulation Of IRE1-mediated Unfolded Protein Response (GO:1903894)	1/13	0.0097090442156726	0.022178954085091	0	0	118.88690476190476	551.0048324972125	BAX	1	13	0.07692307692307693	1.6540589381590751	Regulation Of IRE1-mediated Unfolded Protein Response	"Regulation Of IRE1-mediated Unfolded Protein
Response"
GO_Biological_Process_2023	Establishment Of Protein Localization To Chromosome (GO:0070199)	1/14	0.0104522409709381	0.023216498377844	0	0	109.73626373626374	500.5003914455875	BRCA2	1	14	0.07142857142857142	1.6342032820072872	Establishment Of Protein Localization To Chromosome	"Establishment Of Protein Localization To
Chromosome"
GO_Biological_Process_2023	Mitotic Recombination (GO:0006312)	1/14	0.0104522409709381	0.023216498377844	0	0	109.73626373626374	500.5003914455875	RAD51	1	14	0.07142857142857142	1.6342032820072872	Mitotic Recombination	Mitotic Recombination
GO_Biological_Process_2023	Negative Regulation Of Fatty Acid Biosynthetic Process (GO:0045717)	1/14	0.0104522409709381	0.023216498377844	0	0	109.73626373626374	500.5003914455875	BRCA1	1	14	0.07142857142857142	1.6342032820072872	Negative Regulation Of Fatty Acid Biosynthetic Process	"Negative Regulation Of Fatty Acid
Biosynthetic Process"
GO_Biological_Process_2023	Positive Regulation Of Histone Acetylation (GO:0035066)	1/14	0.0104522409709381	0.023216498377844	0	0	109.73626373626374	500.5003914455875	BRCA1	1	14	0.07142857142857142	1.6342032820072872	Positive Regulation Of Histone Acetylation	Positive Regulation Of Histone Acetylation
GO_Biological_Process_2023	Regulation Of Histone H3-K4 Methylation (GO:0051569)	1/14	0.0104522409709381	0.023216498377844	0	0	109.73626373626374	500.5003914455875	BRCA1	1	14	0.07142857142857142	1.6342032820072872	Regulation Of Histone H3-K4 Methylation	Regulation Of Histone H3-K4 Methylation
GO_Biological_Process_2023	Regulation Of Macrophage Differentiation (GO:0045649)	1/14	0.0104522409709381	0.023216498377844	0	0	109.73626373626374	500.5003914455875	CASP8	1	14	0.07142857142857142	1.6342032820072872	Regulation Of Macrophage Differentiation	Regulation Of Macrophage Differentiation
GO_Biological_Process_2023	Positive Regulation Of Mitotic Sister Chromatid Separation (GO:1901970)	1/15	0.0111949172924613	0.0246390417121751	0	0	101.89285714285714	457.7328151534797	RB1	1	15	0.06666666666666667	1.6083761872222049	Positive Regulation Of Mitotic Sister Chromatid Separation	"Positive Regulation Of Mitotic Sister
Chromatid Separation"
GO_Biological_Process_2023	Regulation Of Cellular Response To Heat (GO:1900034)	1/15	0.0111949172924613	0.0246390417121751	0	0	101.89285714285714	457.7328151534797	ATR	1	15	0.06666666666666667	1.6083761872222049	Regulation Of Cellular Response To Heat	Regulation Of Cellular Response To Heat
GO_Biological_Process_2023	Activation Of Cysteine-Type Endopeptidase Activity (GO:0097202)	1/16	0.0119370735063595	0.0258012082065709	0	0	95.0952380952381	421.0918230074216	CASP8	1	16	0.0625	1.5883599566274311	Activation Of Cysteine-Type Endopeptidase Activity	"Activation Of Cysteine-Type Endopeptidase
Activity"
GO_Biological_Process_2023	Extrinsic Apoptotic Signaling Pathway In Absence Of Ligand (GO:0097192)	1/16	0.0119370735063595	0.0258012082065709	0	0	95.0952380952381	421.0918230074216	BAX	1	16	0.0625	1.5883599566274311	Extrinsic Apoptotic Signaling Pathway In Absence Of Ligand	"Extrinsic Apoptotic Signaling Pathway In
Absence Of Ligand"
GO_Biological_Process_2023	Negative Regulation Of ATP-dependent Activity (GO:0032780)	1/16	0.0119370735063595	0.0258012082065709	0	0	95.0952380952381	421.0918230074216	TP53	1	16	0.0625	1.5883599566274311	Negative Regulation Of ATP-dependent Activity	Negative Regulation Of ATP-dependent Activity
GO_Biological_Process_2023	Negative Regulation Of Intrinsic Apoptotic Signaling Pathway By P53 Class Mediator (GO:1902254)	1/16	0.0119370735063595	0.0258012082065709	0	0	95.0952380952381	421.0918230074216	MDM2	1	16	0.0625	1.5883599566274311	Negative Regulation Of Intrinsic Apoptotic Signaling Pathway By P53 Class Mediator	"Negative Regulation Of Intrinsic Apoptotic
Signaling Pathway By P53 Class Mediator"
GO_Biological_Process_2023	Protein Polyubiquitination (GO:0000209)	2/226	0.012115773668748	0.0260705486979309	0	0	13.572115384615383	59.89709840535109	MDM2;BRCA1	2	226	0.008849557522123894	1.583849828287907	Protein Polyubiquitination	Protein Polyubiquitination
GO_Biological_Process_2023	Chromatin Remodeling (GO:0006338)	2/228	0.0123209995359693	0.0262280608927516	0	0	13.450646698434308	59.13509827332484	RB1;CHEK1	2	228	0.008771929824561403	1.5812338167183746	Chromatin Remodeling	Chromatin Remodeling
GO_Biological_Process_2023	Negative Regulation Of Intracellular Signal Transduction (GO:1902532)	2/231	0.0126317244455617	0.0262280608927516	0	0	13.27242190124286	58.020973889251074	CASP8;MDM2	2	231	0.008658008658008658	1.5812338167183746	Negative Regulation Of Intracellular Signal Transduction	"Negative Regulation Of Intracellular Signal
Transduction"
GO_Biological_Process_2023	Negative Regulation Of Multicellular Organismal Process (GO:0051241)	2/231	0.0126317244455617	0.0262280608927516	0	0	13.27242190124286	58.020973889251074	RB1;BRCA2	2	231	0.008658008658008658	1.5812338167183746	Negative Regulation Of Multicellular Organismal Process	"Negative Regulation Of Multicellular
Organismal Process"
GO_Biological_Process_2023	Cellular Response To Alkaloid (GO:0071312)	1/17	0.012678709933633	0.0262280608927516	0	0	89.14732142857143	389.38044082427126	RAD51	1	17	0.058823529411764705	1.5812338167183746	Cellular Response To Alkaloid	Cellular Response To Alkaloid
GO_Biological_Process_2023	Cellular Response To Unfolded Protein (GO:0034620)	1/17	0.012678709933633	0.0262280608927516	0	0	89.14732142857143	389.38044082427126	BAX	1	17	0.058823529411764705	1.5812338167183746	Cellular Response To Unfolded Protein	Cellular Response To Unfolded Protein
GO_Biological_Process_2023	Negative Regulation Of Fibroblast Proliferation (GO:0048147)	1/17	0.012678709933633	0.0262280608927516	0	0	89.14732142857143	389.38044082427126	TP53	1	17	0.058823529411764705	1.5812338167183746	Negative Regulation Of Fibroblast Proliferation	"Negative Regulation Of Fibroblast
Proliferation"
GO_Biological_Process_2023	Negative Regulation Of Vascular Associated Smooth Muscle Cell Proliferation (GO:1904706)	1/17	0.012678709933633	0.0262280608927516	0	0	89.14732142857143	389.38044082427126	CDKN1A	1	17	0.058823529411764705	1.5812338167183746	Negative Regulation Of Vascular Associated Smooth Muscle Cell Proliferation	"Negative Regulation Of Vascular Associated
Smooth Muscle Cell Proliferation"
GO_Biological_Process_2023	Positive Regulation Of Peptidyl-Lysine Acetylation (GO:2000758)	1/17	0.012678709933633	0.0262280608927516	0	0	89.14732142857143	389.38044082427126	BRCA1	1	17	0.058823529411764705	1.5812338167183746	Positive Regulation Of Peptidyl-Lysine Acetylation	"Positive Regulation Of Peptidyl-Lysine
Acetylation"
GO_Biological_Process_2023	Positive Regulation Of Transcription From RNA Polymerase II Promoter In Response To Stress (GO:0036003)	1/17	0.012678709933633	0.0262280608927516	0	0	89.14732142857143	389.38044082427126	TP53	1	17	0.058823529411764705	1.5812338167183746	Positive Regulation Of Transcription From RNA Polymerase II Promoter In Response To Stress	"Positive Regulation Of Transcription From RNA
Polymerase II Promoter In Response To Stress"
GO_Biological_Process_2023	Regulation Of Transcription By RNA Polymerase II (GO:0006357)	5/2028	0.0134330602019004	0.0272047689803194	0	0	4.439446366782007	19.134175575495444	RB1;MDM2;ATM;BRCA1;TP53	5	2028	0.002465483234714004	1.565354957719793	Regulation Of Transcription By RNA Polymerase II	"Regulation Of Transcription By RNA Polymerase
II"
GO_Biological_Process_2023	Negative Regulation Of Signal Transduction By P53 Class Mediator (GO:1901797)	1/18	0.01341982690512	0.0272047689803194	0	0	83.89915966386555	361.6911269349327	MDM2	1	18	0.05555555555555555	1.565354957719793	Negative Regulation Of Signal Transduction By P53 Class Mediator	"Negative Regulation Of Signal Transduction By
P53 Class Mediator"
GO_Biological_Process_2023	Positive Regulation Of Extracellular Matrix Organization (GO:1903055)	1/18	0.01341982690512	0.0272047689803194	0	0	83.89915966386555	361.6911269349327	RB1	1	18	0.05555555555555555	1.565354957719793	Positive Regulation Of Extracellular Matrix Organization	"Positive Regulation Of Extracellular Matrix
Organization"
GO_Biological_Process_2023	Positive Regulation Of Response To Endoplasmic Reticulum Stress (GO:1905898)	1/18	0.01341982690512	0.0272047689803194	0	0	83.89915966386555	361.6911269349327	BAX	1	18	0.05555555555555555	1.565354957719793	Positive Regulation Of Response To Endoplasmic Reticulum Stress	"Positive Regulation Of Response To
Endoplasmic Reticulum Stress"
GO_Biological_Process_2023	Protein Localization To Chromosome, Centromeric Region (GO:0071459)	1/18	0.01341982690512	0.0272047689803194	0	0	83.89915966386555	361.6911269349327	RB1	1	18	0.05555555555555555	1.565354957719793	Protein Localization To Chromosome, Centromeric Region	"Protein Localization To Chromosome,
Centromeric Region"
GO_Biological_Process_2023	Intrinsic Apoptotic Signaling Pathway In Response To DNA Damage By P53 Class Mediator (GO:0042771)	1/19	0.0141604247470607	0.0278584682778909	0	0	79.23412698412699	337.3237811891663	TP53	1	19	0.05263157894736842	1.5550427657565302	Intrinsic Apoptotic Signaling Pathway In Response To DNA Damage By P53 Class Mediator	"Intrinsic Apoptotic Signaling Pathway In
Response To DNA Damage By P53 Class Mediator"
GO_Biological_Process_2023	Mitotic Sister Chromatid Cohesion (GO:0007064)	1/19	0.0141604247470607	0.0278584682778909	0	0	79.23412698412699	337.3237811891663	RB1	1	19	0.05263157894736842	1.5550427657565302	Mitotic Sister Chromatid Cohesion	Mitotic Sister Chromatid Cohesion
GO_Biological_Process_2023	Negative Regulation Of Fatty Acid Metabolic Process (GO:0045922)	1/19	0.0141604247470607	0.0278584682778909	0	0	79.23412698412699	337.3237811891663	BRCA1	1	19	0.05263157894736842	1.5550427657565302	Negative Regulation Of Fatty Acid Metabolic Process	"Negative Regulation Of Fatty Acid Metabolic
Process"
GO_Biological_Process_2023	Positive Regulation Of Histone Methylation (GO:0031062)	1/19	0.0141604247470607	0.0278584682778909	0	0	79.23412698412699	337.3237811891663	BRCA1	1	19	0.05263157894736842	1.5550427657565302	Positive Regulation Of Histone Methylation	Positive Regulation Of Histone Methylation
GO_Biological_Process_2023	Regulation Of Centriole Replication (GO:0046599)	1/19	0.0141604247470607	0.0278584682778909	0	0	79.23412698412699	337.3237811891663	BRCA1	1	19	0.05263157894736842	1.5550427657565302	Regulation Of Centriole Replication	Regulation Of Centriole Replication
GO_Biological_Process_2023	Regulation Of Transcription Involved In G1/S Transition Of Mitotic Cell Cycle (GO:0000083)	1/19	0.0141604247470607	0.0278584682778909	0	0	79.23412698412699	337.3237811891663	RB1	1	19	0.05263157894736842	1.5550427657565302	Regulation Of Transcription Involved In G1/S Transition Of Mitotic Cell Cycle	"Regulation Of Transcription Involved In G1/S
Transition Of Mitotic Cell Cycle"
GO_Biological_Process_2023	Release Of Cytochrome C From Mitochondria (GO:0001836)	1/19	0.0141604247470607	0.0278584682778909	0	0	79.23412698412699	337.3237811891663	BAX	1	19	0.05263157894736842	1.5550427657565302	Release Of Cytochrome C From Mitochondria	Release Of Cytochrome C From Mitochondria
GO_Biological_Process_2023	DNA Unwinding Involved In DNA Replication (GO:0006268)	1/20	0.0149005037888985	0.0288435454869442	0	0	75.06015037593986	315.7300332957057	RAD51	1	20	0.05	1.5399513566164291	DNA Unwinding Involved In DNA Replication	DNA Unwinding Involved In DNA Replication
GO_Biological_Process_2023	Endoplasmic Reticulum Calcium Ion Homeostasis (GO:0032469)	1/20	0.0149005037888985	0.0288435454869442	0	0	75.06015037593986	315.7300332957057	BAX	1	20	0.05	1.5399513566164291	Endoplasmic Reticulum Calcium Ion Homeostasis	Endoplasmic Reticulum Calcium Ion Homeostasis
GO_Biological_Process_2023	Myoblast Differentiation (GO:0045445)	1/20	0.0149005037888985	0.0288435454869442	0	0	75.06015037593986	315.7300332957057	RB1	1	20	0.05	1.5399513566164291	Myoblast Differentiation	Myoblast Differentiation
GO_Biological_Process_2023	Regulation Of Necroptotic Process (GO:0060544)	1/20	0.0149005037888985	0.0288435454869442	0	0	75.06015037593986	315.7300332957057	CASP8	1	20	0.05	1.5399513566164291	Regulation Of Necroptotic Process	Regulation Of Necroptotic Process
GO_Biological_Process_2023	Macrophage Differentiation (GO:0030225)	1/21	0.0156400643604775	0.0299147262767864	0	0	71.30357142857143	296.4745049823623	CASP8	1	21	0.047619047619047616	1.5241149666486138	Macrophage Differentiation	Macrophage Differentiation
GO_Biological_Process_2023	Negative Regulation Of Reactive Oxygen Species Metabolic Process (GO:2000378)	1/21	0.0156400643604775	0.0299147262767864	0	0	71.30357142857143	296.4745049823623	BRCA1	1	21	0.047619047619047616	1.5241149666486138	Negative Regulation Of Reactive Oxygen Species Metabolic Process	"Negative Regulation Of Reactive Oxygen
Species Metabolic Process"
GO_Biological_Process_2023	Positive Regulation Of Transcription Regulatory Region DNA Binding (GO:2000679)	1/21	0.0156400643604775	0.0299147262767864	0	0	71.30357142857143	296.4745049823623	RB1	1	21	0.047619047619047616	1.5241149666486138	Positive Regulation Of Transcription Regulatory Region DNA Binding	"Positive Regulation Of Transcription
Regulatory Region DNA Binding"
GO_Biological_Process_2023	Cellular Component Assembly (GO:0022607)	2/260	0.0158110594876575	0.0301222556247072	0	0	11.763267740011926	48.78280791386211	MDM2;TP53	2	260	0.007692307692307693	1.5211125102706364	Cellular Component Assembly	Cellular Component Assembly
GO_Biological_Process_2023	Cellular Response To Topologically Incorrect Protein (GO:0035967)	1/22	0.0163791067947741	0.0308387870120357	0	0	67.9047619047619	279.20731867751766	BAX	1	22	0.045454545454545456	1.510902712473857	Cellular Response To Topologically Incorrect Protein	"Cellular Response To Topologically Incorrect
Protein"
GO_Biological_Process_2023	Homologous Chromosome Segregation (GO:0045143)	1/22	0.0163791067947741	0.0308387870120357	0	0	67.9047619047619	279.20731867751766	FANCD2	1	22	0.045454545454545456	1.510902712473857	Homologous Chromosome Segregation	Homologous Chromosome Segregation
GO_Biological_Process_2023	Regulation Of Histone Acetylation (GO:0035065)	1/22	0.0163791067947741	0.0308387870120357	0	0	67.9047619047619	279.20731867751766	BRCA1	1	22	0.045454545454545456	1.510902712473857	Regulation Of Histone Acetylation	Regulation Of Histone Acetylation
GO_Biological_Process_2023	Chromatin Organization (GO:0006325)	2/268	0.0167430722155743	0.0314014039218165	0	0	11.404858299595142	46.64325537220302	RB1;CHEK1	2	268	0.007462686567164179	1.5030509346698464	Chromatin Organization	Chromatin Organization
GO_Biological_Process_2023	Entrainment Of Circadian Clock By Photoperiod (GO:0043153)	1/23	0.0171176314186799	0.0316118710490565	0	0	64.81493506493507	263.6442288281798	TP53	1	23	0.043478260869565216	1.5001497983004903	Entrainment Of Circadian Clock By Photoperiod	Entrainment Of Circadian Clock By Photoperiod
GO_Biological_Process_2023	Negative Regulation Of Extrinsic Apoptotic Signaling Pathway Via Death Domain Receptors (GO:1902042)	1/23	0.0171176314186799	0.0316118710490565	0	0	64.81493506493507	263.6442288281798	BRCA1	1	23	0.043478260869565216	1.5001497983004903	Negative Regulation Of Extrinsic Apoptotic Signaling Pathway Via Death Domain Receptors	"Negative Regulation Of Extrinsic Apoptotic
Signaling Pathway Via Death Domain Receptors"
GO_Biological_Process_2023	Positive Regulation Of Neuron Apoptotic Process (GO:0043525)	1/23	0.0171176314186799	0.0316118710490565	0	0	64.81493506493507	263.6442288281798	BAX	1	23	0.043478260869565216	1.5001497983004903	Positive Regulation Of Neuron Apoptotic Process	"Positive Regulation Of Neuron Apoptotic
Process"
GO_Biological_Process_2023	Regulation Of Extracellular Matrix Organization (GO:1903053)	1/23	0.0171176314186799	0.0316118710490565	0	0	64.81493506493507	263.6442288281798	RB1	1	23	0.043478260869565216	1.5001497983004903	Regulation Of Extracellular Matrix Organization	"Regulation Of Extracellular Matrix
Organization"
GO_Biological_Process_2023	Negative Regulation Of Transcription By RNA Polymerase II (GO:0000122)	3/763	0.0178560288237579	0.0322344790001923	0	0	6.324013157894737	25.456771598729866	RB1;MDM2;TP53	3	763	0.003931847968545216	1.4916793448159933	Negative Regulation Of Transcription By RNA Polymerase II	"Negative Regulation Of Transcription By RNA
Polymerase II"
GO_Biological_Process_2023	Amyloid Fibril Formation (GO:1990000)	1/24	0.0178556385652366	0.0322344790001923	0	0	61.993788819875775	249.55202523941097	MDM2	1	24	0.041666666666666664	1.4916793448159933	Amyloid Fibril Formation	Amyloid Fibril Formation
GO_Biological_Process_2023	Cell Morphogenesis Involved In Differentiation (GO:0000904)	1/24	0.0178556385652366	0.0322344790001923	0	0	61.993788819875775	249.55202523941097	RB1	1	24	0.041666666666666664	1.4916793448159933	Cell Morphogenesis Involved In Differentiation	"Cell Morphogenesis Involved In
Differentiation"
GO_Biological_Process_2023	Photoperiodism (GO:0009648)	1/24	0.0178556385652366	0.0322344790001923	0	0	61.993788819875775	249.55202523941097	TP53	1	24	0.041666666666666664	1.4916793448159933	Photoperiodism	Photoperiodism
GO_Biological_Process_2023	Positive Regulation Of Vascular Endothelial Growth Factor Production (GO:0010575)	1/24	0.0178556385652366	0.0322344790001923	0	0	61.993788819875775	249.55202523941097	BRCA1	1	24	0.041666666666666664	1.4916793448159933	Positive Regulation Of Vascular Endothelial Growth Factor Production	"Positive Regulation Of Vascular Endothelial
Growth Factor Production"
GO_Biological_Process_2023	Regulation Of Execution Phase Of Apoptosis (GO:1900117)	1/24	0.0178556385652366	0.0322344790001923	0	0	61.993788819875775	249.55202523941097	TP53	1	24	0.041666666666666664	1.4916793448159933	Regulation Of Execution Phase Of Apoptosis	Regulation Of Execution Phase Of Apoptosis
GO_Biological_Process_2023	Negative Regulation Of Lipid Biosynthetic Process (GO:0051055)	1/25	0.0185931285667873	0.0334398804820578	0	0	59.407738095238095	236.7376500104764	BRCA1	1	25	0.04	1.475735283448199	Negative Regulation Of Lipid Biosynthetic Process	"Negative Regulation Of Lipid Biosynthetic
Process"
GO_Biological_Process_2023	Cellular Response To Xenobiotic Stimulus (GO:0071466)	1/26	0.0193301017548387	0.0337576414704068	0	0	57.02857142857143	225.0399736139121	TP53	1	26	0.038461538461538464	1.4716279036390638	Cellular Response To Xenobiotic Stimulus	Cellular Response To Xenobiotic Stimulus
GO_Biological_Process_2023	Mitotic Spindle Assembly Checkpoint Signaling (GO:0007094)	1/26	0.0193301017548387	0.0337576414704068	0	0	57.02857142857143	225.0399736139121	ATM	1	26	0.038461538461538464	1.4716279036390638	Mitotic Spindle Assembly Checkpoint Signaling	Mitotic Spindle Assembly Checkpoint Signaling
GO_Biological_Process_2023	Mitotic Spindle Checkpoint Signaling (GO:0071174)	1/26	0.0193301017548387	0.0337576414704068	0	0	57.02857142857143	225.0399736139121	ATM	1	26	0.038461538461538464	1.4716279036390638	Mitotic Spindle Checkpoint Signaling	Mitotic Spindle Checkpoint Signaling
GO_Biological_Process_2023	Negative Regulation Of Catalytic Activity (GO:0043086)	1/26	0.0193301017548387	0.0337576414704068	0	0	57.02857142857143	225.0399736139121	TP53	1	26	0.038461538461538464	1.4716279036390638	Negative Regulation Of Catalytic Activity	Negative Regulation Of Catalytic Activity
GO_Biological_Process_2023	Regulation Of Fatty Acid Biosynthetic Process (GO:0042304)	1/26	0.0193301017548387	0.0337576414704068	0	0	57.02857142857143	225.0399736139121	BRCA1	1	26	0.038461538461538464	1.4716279036390638	Regulation Of Fatty Acid Biosynthetic Process	Regulation Of Fatty Acid Biosynthetic Process
GO_Biological_Process_2023	Regulation Of Vascular Endothelial Growth Factor Production (GO:0010574)	1/26	0.0193301017548387	0.0337576414704068	0	0	57.02857142857143	225.0399736139121	BRCA1	1	26	0.038461538461538464	1.4716279036390638	Regulation Of Vascular Endothelial Growth Factor Production	"Regulation Of Vascular Endothelial Growth
Factor Production"
GO_Biological_Process_2023	Spindle Assembly Checkpoint Signaling (GO:0071173)	1/26	0.0193301017548387	0.0337576414704068	0	0	57.02857142857143	225.0399736139121	ATM	1	26	0.038461538461538464	1.4716279036390638	Spindle Assembly Checkpoint Signaling	Spindle Assembly Checkpoint Signaling
GO_Biological_Process_2023	Telomere Maintenance Via Telomere Lengthening (GO:0010833)	1/26	0.0193301017548387	0.0337576414704068	0	0	57.02857142857143	225.0399736139121	RAD51	1	26	0.038461538461538464	1.4716279036390638	Telomere Maintenance Via Telomere Lengthening	Telomere Maintenance Via Telomere Lengthening
GO_Biological_Process_2023	Positive Regulation Of Mitotic Cell Cycle (GO:0045931)	1/27	0.020066558464378	0.0347916589202526	0	0	54.832417582417584	214.3235039145759	MDM2	1	27	0.037037037037037035	1.4585248629242988	Positive Regulation Of Mitotic Cell Cycle	Positive Regulation Of Mitotic Cell Cycle
GO_Biological_Process_2023	Regulation Of Transcription Regulatory Region DNA Binding (GO:2000677)	1/27	0.020066558464378	0.0347916589202526	0	0	54.832417582417584	214.3235039145759	RB1	1	27	0.037037037037037035	1.4585248629242988	Regulation Of Transcription Regulatory Region DNA Binding	"Regulation Of Transcription Regulatory Region
DNA Binding"
GO_Biological_Process_2023	Hematopoietic Progenitor Cell Differentiation (GO:0002244)	1/28	0.0208024990214188	0.0355560444266805	0	0	52.7989417989418	204.47351966705395	TP53	1	28	0.03571428571428571	1.449086559828322	Hematopoietic Progenitor Cell Differentiation	Hematopoietic Progenitor Cell Differentiation
GO_Biological_Process_2023	Negative Regulation Of Mitotic Metaphase/Anaphase Transition (GO:0045841)	1/28	0.0208024990214188	0.0355560444266805	0	0	52.7989417989418	204.47351966705395	ATM	1	28	0.03571428571428571	1.449086559828322	Negative Regulation Of Mitotic Metaphase/Anaphase Transition	"Negative Regulation Of Mitotic
Metaphase/Anaphase Transition"
GO_Biological_Process_2023	Positive Regulation Of Fibroblast Proliferation (GO:0048146)	1/28	0.0208024990214188	0.0355560444266805	0	0	52.7989417989418	204.47351966705395	CDKN1A	1	28	0.03571428571428571	1.449086559828322	Positive Regulation Of Fibroblast Proliferation	"Positive Regulation Of Fibroblast
Proliferation"
GO_Biological_Process_2023	Pyroptosis (GO:0070269)	1/28	0.0208024990214188	0.0355560444266805	0	0	52.7989417989418	204.47351966705395	CASP8	1	28	0.03571428571428571	1.449086559828322	Pyroptosis	Pyroptosis
GO_Biological_Process_2023	Homologous Chromosome Pairing At Meiosis (GO:0007129)	1/30	0.0222728330244505	0.0378010757668491	0	0	49.152709359605915	186.9959576603662	FANCD2	1	30	0.03333333333333333	1.4224958405607009	Homologous Chromosome Pairing At Meiosis	Homologous Chromosome Pairing At Meiosis
GO_Biological_Process_2023	Intrinsic Apoptotic Signaling Pathway In Response To Endoplasmic Reticulum Stress (GO:0070059)	1/30	0.0222728330244505	0.0378010757668491	0	0	49.152709359605915	186.9959576603662	BAX	1	30	0.03333333333333333	1.4224958405607009	Intrinsic Apoptotic Signaling Pathway In Response To Endoplasmic Reticulum Stress	"Intrinsic Apoptotic Signaling Pathway In
Response To Endoplasmic Reticulum Stress"
GO_Biological_Process_2023	Supramolecular Fiber Organization (GO:0097435)	2/316	0.0228138777343644	0.038239598198585	0	0	9.637922586967171	36.43507008057645	MDM2;BAX	2	316	0.006329113924050633	1.4174866797080226	Supramolecular Fiber Organization	Supramolecular Fiber Organization
GO_Biological_Process_2023	Negative Regulation Of Cell-Matrix Adhesion (GO:0001953)	1/31	0.0230072271319287	0.038239598198585	0	0	47.51190476190476	179.21238137059572	CDKN2A	1	31	0.03225806451612903	1.4174866797080226	Negative Regulation Of Cell-Matrix Adhesion	Negative Regulation Of Cell-Matrix Adhesion
GO_Biological_Process_2023	Negative Regulation Of Developmental Growth (GO:0048640)	1/31	0.0230072271319287	0.038239598198585	0	0	47.51190476190476	179.21238137059572	CDKN1A	1	31	0.03225806451612903	1.4174866797080226	Negative Regulation Of Developmental Growth	Negative Regulation Of Developmental Growth
GO_Biological_Process_2023	Negative Regulation Of Intracellular Steroid Hormone Receptor Signaling Pathway (GO:0033144)	1/31	0.0230072271319287	0.038239598198585	0	0	47.51190476190476	179.21238137059572	BRCA1	1	31	0.03225806451612903	1.4174866797080226	Negative Regulation Of Intracellular Steroid Hormone Receptor Signaling Pathway	"Negative Regulation Of Intracellular Steroid
Hormone Receptor Signaling Pathway"
GO_Biological_Process_2023	Regulation Of Extrinsic Apoptotic Signaling Pathway Via Death Domain Receptors (GO:1902041)	1/31	0.0230072271319287	0.038239598198585	0	0	47.51190476190476	179.21238137059572	BRCA1	1	31	0.03225806451612903	1.4174866797080226	Regulation Of Extrinsic Apoptotic Signaling Pathway Via Death Domain Receptors	"Regulation Of Extrinsic Apoptotic Signaling
Pathway Via Death Domain Receptors"
GO_Biological_Process_2023	Regulation Of Response To Biotic Stimulus (GO:0002831)	1/31	0.0230072271319287	0.038239598198585	0	0	47.51190476190476	179.21238137059572	CASP8	1	31	0.03225806451612903	1.4174866797080226	Regulation Of Response To Biotic Stimulus	Regulation Of Response To Biotic Stimulus
GO_Biological_Process_2023	Heterochromatin Formation (GO:0031507)	1/32	0.0237411064214928	0.0393237570280396	0	0	45.97695852534562	171.97898738890794	RB1	1	32	0.03125	1.405344995962016	Heterochromatin Formation	Heterochromatin Formation
GO_Biological_Process_2023	Protein-Containing Complex Assembly (GO:0065003)	2/328	0.0244555546962698	0.0398536997676408	0	0	9.27748938178386	34.4278158912481	MDM2;TP53	2	328	0.006097560975609756	1.3995313552192785	Protein-Containing Complex Assembly	Protein-Containing Complex Assembly
GO_Biological_Process_2023	Positive Regulation Of DNA Binding (GO:0043388)	1/33	0.024474471226601	0.0398536997676408	0	0	44.53794642857143	165.24133492847943	RB1	1	33	0.030303030303030304	1.3995313552192785	Positive Regulation Of DNA Binding	Positive Regulation Of DNA Binding
GO_Biological_Process_2023	Protein K63-linked Deubiquitination (GO:0070536)	1/33	0.024474471226601	0.0398536997676408	0	0	44.53794642857143	165.24133492847943	BRCA1	1	33	0.030303030303030304	1.3995313552192785	Protein K63-linked Deubiquitination	Protein K63-linked Deubiquitination
GO_Biological_Process_2023	Regulation Of G0 To G1 Transition (GO:0070316)	1/33	0.024474471226601	0.0398536997676408	0	0	44.53794642857143	165.24133492847943	CHEK1	1	33	0.030303030303030304	1.3995313552192785	Regulation Of G0 To G1 Transition	Regulation Of G0 To G1 Transition
GO_Biological_Process_2023	Signal Transduction By P53 Class Mediator (GO:0072331)	1/33	0.024474471226601	0.0398536997676408	0	0	44.53794642857143	165.24133492847943	TP53	1	33	0.030303030303030304	1.3995313552192785	Signal Transduction By P53 Class Mediator	Signal Transduction By P53 Class Mediator
GO_Biological_Process_2023	Proteolysis (GO:0006508)	2/330	0.024733840399981	0.0399668721888443	0	0	9.21998123827392	34.11008507809462	CASP8;MDM2	2	330	0.006060606060606061	1.3982998383367897	Proteolysis	Proteolysis
GO_Biological_Process_2023	Apoptotic Mitochondrial Changes (GO:0008637)	1/34	0.0252073218784412	0.0399668721888443	0	0	43.18614718614719	158.95183056590523	BAX	1	34	0.029411764705882353	1.3982998383367897	Apoptotic Mitochondrial Changes	Apoptotic Mitochondrial Changes
GO_Biological_Process_2023	Histone Deubiquitination (GO:0016578)	1/34	0.0252073218784412	0.0399668721888443	0	0	43.18614718614719	158.95183056590523	BRCA1	1	34	0.029411764705882353	1.3982998383367897	Histone Deubiquitination	Histone Deubiquitination
GO_Biological_Process_2023	Negative Regulation Of Mitotic Cell Cycle (GO:0045930)	1/34	0.0252073218784412	0.0399668721888443	0	0	43.18614718614719	158.95183056590523	CHEK1	1	34	0.029411764705882353	1.3982998383367897	Negative Regulation Of Mitotic Cell Cycle	Negative Regulation Of Mitotic Cell Cycle
GO_Biological_Process_2023	Positive Regulation Of Neuron Death (GO:1901216)	1/34	0.0252073218784412	0.0399668721888443	0	0	43.18614718614719	158.95183056590523	BAX	1	34	0.029411764705882353	1.3982998383367897	Positive Regulation Of Neuron Death	Positive Regulation Of Neuron Death
GO_Biological_Process_2023	Response To Estrogen (GO:0043627)	1/34	0.0252073218784412	0.0399668721888443	0	0	43.18614718614719	158.95183056590523	BRCA1	1	34	0.029411764705882353	1.3982998383367897	Response To Estrogen	Response To Estrogen
GO_Biological_Process_2023	Sister Chromatid Segregation (GO:0000819)	1/34	0.0252073218784412	0.0399668721888443	0	0	43.18614718614719	158.95183056590523	RB1	1	34	0.029411764705882353	1.3982998383367897	Sister Chromatid Segregation	Sister Chromatid Segregation
GO_Biological_Process_2023	Transcription Initiation-Coupled Chromatin Remodeling (GO:0045815)	1/34	0.0252073218784412	0.0399668721888443	0	0	43.18614718614719	158.95183056590523	TP53	1	34	0.029411764705882353	1.3982998383367897	Transcription Initiation-Coupled Chromatin Remodeling	"Transcription Initiation-Coupled Chromatin
Remodeling"
GO_Biological_Process_2023	Negative Regulation Of Gene Expression (GO:0010629)	2/336	0.0255766274120962	0.0404194570905914	0	0	9.051589129433442	33.183816712804855	RB1;CHEK1	2	336	0.005952380952380952	1.3934095241740998	Negative Regulation Of Gene Expression	Negative Regulation Of Gene Expression
GO_Biological_Process_2023	Intrinsic Apoptotic Signaling Pathway By P53 Class Mediator (GO:0072332)	1/35	0.0259396587086567	0.040462509700882	0	0	41.91386554621849	153.06869330263612	TP53	1	35	0.02857142857142857	1.3929471834673064	Intrinsic Apoptotic Signaling Pathway By P53 Class Mediator	"Intrinsic Apoptotic Signaling Pathway By P53
Class Mediator"
GO_Biological_Process_2023	Positive Regulation Of Mitotic Nuclear Division (GO:0045840)	1/35	0.0259396587086567	0.040462509700882	0	0	41.91386554621849	153.06869330263612	RB1	1	35	0.02857142857142857	1.3929471834673064	Positive Regulation Of Mitotic Nuclear Division	"Positive Regulation Of Mitotic Nuclear
Division"
GO_Biological_Process_2023	Regulation Of Cellular Senescence (GO:2000772)	1/35	0.0259396587086567	0.040462509700882	0	0	41.91386554621849	153.06869330263612	TP53	1	35	0.02857142857142857	1.3929471834673064	Regulation Of Cellular Senescence	Regulation Of Cellular Senescence
GO_Biological_Process_2023	Regulation Of G2/M Transition Of Mitotic Cell Cycle (GO:0010389)	1/35	0.0259396587086567	0.040462509700882	0	0	41.91386554621849	153.06869330263612	CDKN1A	1	35	0.02857142857142857	1.3929471834673064	Regulation Of G2/M Transition Of Mitotic Cell Cycle	"Regulation Of G2/M Transition Of Mitotic Cell
Cycle"
GO_Biological_Process_2023	Protein Destabilization (GO:0031648)	1/36	0.0266714820499685	0.0414698527357576	0	0	40.714285714285715	147.55510087647235	MDM2	1	36	0.027777777777777776	1.3822675068631682	Protein Destabilization	Protein Destabilization
GO_Biological_Process_2023	Aortic Valve Morphogenesis (GO:0003180)	1/37	0.0274027922368154	0.0420641587839014	0	0	39.58134920634921	142.37848146420913	RB1	1	37	0.02702702702702703	1.3760877918586225	Aortic Valve Morphogenesis	Aortic Valve Morphogenesis
GO_Biological_Process_2023	Negative Regulation Of Smooth Muscle Cell Proliferation (GO:0048662)	1/37	0.0274027922368154	0.0420641587839014	0	0	39.58134920634921	142.37848146420913	CDKN1A	1	37	0.02702702702702703	1.3760877918586225	Negative Regulation Of Smooth Muscle Cell Proliferation	"Negative Regulation Of Smooth Muscle Cell
Proliferation"
GO_Biological_Process_2023	Negative Regulation Of Transferase Activity (GO:0051348)	1/37	0.0274027922368154	0.0420641587839014	0	0	39.58134920634921	142.37848146420913	TP53	1	37	0.02702702702702703	1.3760877918586225	Negative Regulation Of Transferase Activity	Negative Regulation Of Transferase Activity
GO_Biological_Process_2023	Regulation Of Vascular Associated Smooth Muscle Cell Proliferation (GO:1904705)	1/37	0.0274027922368154	0.0420641587839014	0	0	39.58134920634921	142.37848146420913	CDKN1A	1	37	0.02702702702702703	1.3760877918586225	Regulation Of Vascular Associated Smooth Muscle Cell Proliferation	"Regulation Of Vascular Associated Smooth
Muscle Cell Proliferation"
GO_Biological_Process_2023	G2/M Transition Of Mitotic Cell Cycle (GO:0000086)	1/38	0.028133589600523	0.0429126271754814	0	0	38.50965250965251	137.5099227922053	CHEK2	1	38	0.02631578947368421	1.3674148964930104	G2/M Transition Of Mitotic Cell Cycle	G2/M Transition Of Mitotic Cell Cycle
GO_Biological_Process_2023	Tumor Necrosis Factor-Mediated Signaling Pathway (GO:0033209)	1/38	0.028133589600523	0.0429126271754814	0	0	38.50965250965251	137.5099227922053	TP53	1	38	0.02631578947368421	1.3674148964930104	Tumor Necrosis Factor-Mediated Signaling Pathway	"Tumor Necrosis Factor-Mediated Signaling
Pathway"
GO_Biological_Process_2023	Heterochromatin Organization (GO:0070828)	1/39	0.0288638744726761	0.0433407710150463	0	0	37.49436090225563	132.92367662225746	RB1	1	39	0.02564102564102564	1.3631033670217003	Heterochromatin Organization	Heterochromatin Organization
GO_Biological_Process_2023	Negative Regulation Of Cell-Substrate Adhesion (GO:0010812)	1/39	0.0288638744726761	0.0433407710150463	0	0	37.49436090225563	132.92367662225746	CDKN2A	1	39	0.02564102564102564	1.3631033670217003	Negative Regulation Of Cell-Substrate Adhesion	"Negative Regulation Of Cell-Substrate
Adhesion"
GO_Biological_Process_2023	Negative Regulation Of Lymphocyte Proliferation (GO:0050672)	1/39	0.0288638744726761	0.0433407710150463	0	0	37.49436090225563	132.92367662225746	ATM	1	39	0.02564102564102564	1.3631033670217003	Negative Regulation Of Lymphocyte Proliferation	"Negative Regulation Of Lymphocyte
Proliferation"
GO_Biological_Process_2023	Positive Regulation Of Intrinsic Apoptotic Signaling Pathway (GO:2001244)	1/39	0.0288638744726761	0.0433407710150463	0	0	37.49436090225563	132.92367662225746	TP53	1	39	0.02564102564102564	1.3631033670217003	Positive Regulation Of Intrinsic Apoptotic Signaling Pathway	"Positive Regulation Of Intrinsic Apoptotic
Signaling Pathway"
GO_Biological_Process_2023	Regulation Of Mitochondrial Membrane Potential (GO:0051881)	1/39	0.0288638744726761	0.0433407710150463	0	0	37.49436090225563	132.92367662225746	BAX	1	39	0.02564102564102564	1.3631033670217003	Regulation Of Mitochondrial Membrane Potential	"Regulation Of Mitochondrial Membrane
Potential"
GO_Biological_Process_2023	Protein Modification By Small Protein Conjugation (GO:0032446)	2/364	0.0296640602883338	0.0438591320827512	0	0	8.33956651083723	29.337086000835654	MDM2;BRCA1	2	364	0.005494505494505495	1.357939966716895	Protein Modification By Small Protein Conjugation	"Protein Modification By Small Protein
Conjugation"
GO_Biological_Process_2023	Aortic Valve Development (GO:0003176)	1/40	0.0295936471887674	0.0438591320827512	0	0	36.53113553113553	128.5967411966507	RB1	1	40	0.025	1.357939966716895	Aortic Valve Development	Aortic Valve Development
GO_Biological_Process_2023	Cell Cycle G2/M Phase Transition (GO:0044839)	1/40	0.0295936471887674	0.0438591320827512	0	0	36.53113553113553	128.5967411966507	CHEK2	1	40	0.025	1.357939966716895	Cell Cycle G2/M Phase Transition	Cell Cycle G2/M Phase Transition
GO_Biological_Process_2023	Positive Regulation Of Myeloid Leukocyte Differentiation (GO:0002763)	1/40	0.0295936471887674	0.0438591320827512	0	0	36.53113553113553	128.5967411966507	CASP8	1	40	0.025	1.357939966716895	Positive Regulation Of Myeloid Leukocyte Differentiation	"Positive Regulation Of Myeloid Leukocyte
Differentiation"
GO_Biological_Process_2023	Regulation Of Cytokine-Mediated Signaling Pathway (GO:0001959)	1/40	0.0295936471887674	0.0438591320827512	0	0	36.53113553113553	128.5967411966507	CASP8	1	40	0.025	1.357939966716895	Regulation Of Cytokine-Mediated Signaling Pathway	"Regulation Of Cytokine-Mediated Signaling
Pathway"
GO_Biological_Process_2023	Cellular Response To Retinoic Acid (GO:0071300)	1/41	0.0303229080772226	0.0441560172000644	0	0	35.61607142857143	124.50850776759756	ATM	1	41	0.024390243902439025	1.3550101061584003	Cellular Response To Retinoic Acid	Cellular Response To Retinoic Acid
GO_Biological_Process_2023	DNA Duplex Unwinding (GO:0032508)	1/41	0.0303229080772226	0.0441560172000644	0	0	35.61607142857143	124.50850776759756	RAD51	1	41	0.024390243902439025	1.3550101061584003	DNA Duplex Unwinding	DNA Duplex Unwinding
GO_Biological_Process_2023	Double-Strand Break Repair Via Nonhomologous End Joining (GO:0006303)	1/41	0.0303229080772226	0.0441560172000644	0	0	35.61607142857143	124.50850776759756	ATM	1	41	0.024390243902439025	1.3550101061584003	Double-Strand Break Repair Via Nonhomologous End Joining	"Double-Strand Break Repair Via Nonhomologous
End Joining"
GO_Biological_Process_2023	Response To Amino Acid Starvation (GO:1990928)	1/41	0.0303229080772226	0.0441560172000644	0	0	35.61607142857143	124.50850776759756	CDKN1A	1	41	0.024390243902439025	1.3550101061584003	Response To Amino Acid Starvation	Response To Amino Acid Starvation
GO_Biological_Process_2023	Stem Cell Differentiation (GO:0048863)	1/41	0.0303229080772226	0.0441560172000644	0	0	35.61607142857143	124.50850776759756	TP53	1	41	0.024390243902439025	1.3550101061584003	Stem Cell Differentiation	Stem Cell Differentiation
GO_Biological_Process_2023	Positive Regulation Of Transcription By RNA Polymerase II (GO:0045944)	3/938	0.030669961727725	0.0445268721468779	0	0	5.093582887700535	17.74844465329093	ATM;BRCA1;TP53	3	938	0.0031982942430703624	1.3513778114275399	Positive Regulation Of Transcription By RNA Polymerase II	"Positive Regulation Of Transcription By RNA
Polymerase II"
GO_Biological_Process_2023	Cellular Response To Amino Acid Starvation (GO:0034198)	1/42	0.03105165746751	0.0446773101472831	0	0	34.745644599303134	120.6404600270104	CDKN1A	1	42	0.023809523809523808	1.3499129820057902	Cellular Response To Amino Acid Starvation	Cellular Response To Amino Acid Starvation
GO_Biological_Process_2023	Cellular Response To Glucose Starvation (GO:0042149)	1/42	0.03105165746751	0.0446773101472831	0	0	34.745644599303134	120.6404600270104	TP53	1	42	0.023809523809523808	1.3499129820057902	Cellular Response To Glucose Starvation	Cellular Response To Glucose Starvation
GO_Biological_Process_2023	Negative Regulation Of I-kappaB kinase/NF-kappaB Signaling (GO:0043124)	1/42	0.03105165746751	0.0446773101472831	0	0	34.745644599303134	120.6404600270104	CASP8	1	42	0.023809523809523808	1.3499129820057902	Negative Regulation Of I-kappaB kinase/NF-kappaB Signaling	"Negative Regulation Of I-kappaB kinase/NF-
kappaB Signaling"
GO_Biological_Process_2023	Positive Regulation Of Protein Phosphorylation (GO:0001934)	2/377	0.0316461979113773	0.0451855744113335	0	0	8.045128205128204	27.780932021235017	CDKN1A;TP53	2	377	0.005305039787798408	1.3450001924784274	Positive Regulation Of Protein Phosphorylation	"Positive Regulation Of Protein
Phosphorylation"
GO_Biological_Process_2023	Positive Regulation Of miRNA Transcription (GO:1902895)	1/43	0.0317798956959378	0.0451855744113335	0	0	33.916666666666664	116.97591748147126	TP53	1	43	0.023255813953488372	1.3450001924784274	Positive Regulation Of miRNA Transcription	Positive Regulation Of miRNA Transcription
GO_Biological_Process_2023	Regulation Of Chromosome Organization (GO:0033044)	1/43	0.0317798956959378	0.0451855744113335	0	0	33.916666666666664	116.97591748147126	RB1	1	43	0.023255813953488372	1.3450001924784274	Regulation Of Chromosome Organization	Regulation Of Chromosome Organization
GO_Biological_Process_2023	mRNA Transcription (GO:0009299)	1/43	0.0317798956959378	0.0451855744113335	0	0	33.916666666666664	116.97591748147126	TP53	1	43	0.023255813953488372	1.3450001924784274	mRNA Transcription	mRNA Transcription
GO_Biological_Process_2023	Negative Regulation Of Programmed Cell Death (GO:0043069)	2/381	0.0322666058546765	0.0455484718967754	0	0	7.958595494215547	27.327608082932795	MDM2;TP53	2	381	0.005249343832020997	1.341526188568709	Negative Regulation Of Programmed Cell Death	Negative Regulation Of Programmed Cell Death
GO_Biological_Process_2023	Bone Development (GO:0060348)	1/44	0.0325076230964538	0.0455484718967754	0	0	33.12624584717608	113.499815495736	TP53	1	44	0.022727272727272728	1.341526188568709	Bone Development	Bone Development
GO_Biological_Process_2023	Mitotic Spindle Assembly (GO:0090307)	1/44	0.0325076230964538	0.0455484718967754	0	0	33.12624584717608	113.499815495736	CHEK2	1	44	0.022727272727272728	1.341526188568709	Mitotic Spindle Assembly	Mitotic Spindle Assembly
GO_Biological_Process_2023	Regulation Of B Cell Proliferation (GO:0030888)	1/44	0.0325076230964538	0.0455484718967754	0	0	33.12624584717608	113.499815495736	ATM	1	44	0.022727272727272728	1.341526188568709	Regulation Of B Cell Proliferation	Regulation Of B Cell Proliferation
GO_Biological_Process_2023	Response To Unfolded Protein (GO:0006986)	1/44	0.0325076230964538	0.0455484718967754	0	0	33.12624584717608	113.499815495736	BAX	1	44	0.022727272727272728	1.341526188568709	Response To Unfolded Protein	Response To Unfolded Protein
GO_Biological_Process_2023	Chromosome Organization (GO:0051276)	1/45	0.0332348399957845	0.0460321634424372	0	0	32.371753246753244	110.19851603861096	RB1	1	45	0.022222222222222223	1.336938613439008	Chromosome Organization	Chromosome Organization
GO_Biological_Process_2023	Natural Killer Cell Activation (GO:0030101)	1/45	0.0332348399957845	0.0460321634424372	0	0	32.371753246753244	110.19851603861096	CASP8	1	45	0.022222222222222223	1.336938613439008	Natural Killer Cell Activation	Natural Killer Cell Activation
GO_Biological_Process_2023	Regulation Of Apoptotic Signaling Pathway (GO:2001233)	1/45	0.0332348399957845	0.0460321634424372	0	0	32.371753246753244	110.19851603861096	RB1	1	45	0.022222222222222223	1.336938613439008	Regulation Of Apoptotic Signaling Pathway	Regulation Of Apoptotic Signaling Pathway
GO_Biological_Process_2023	Zymogen Activation (GO:0031638)	1/45	0.0332348399957845	0.0460321634424372	0	0	32.371753246753244	110.19851603861096	CASP8	1	45	0.022222222222222223	1.336938613439008	Zymogen Activation	Zymogen Activation
GO_Biological_Process_2023	B Cell Receptor Signaling Pathway (GO:0050853)	1/46	0.0339615467251988	0.0465041634134824	0	0	31.650793650793652	107.05964425258333	BAX	1	46	0.021739130434782608	1.332508163958236	B Cell Receptor Signaling Pathway	B Cell Receptor Signaling Pathway
GO_Biological_Process_2023	Negative Regulation Of Cellular Metabolic Process (GO:0031324)	1/46	0.0339615467251988	0.0465041634134824	0	0	31.650793650793652	107.05964425258333	BRCA1	1	46	0.021739130434782608	1.332508163958236	Negative Regulation Of Cellular Metabolic Process	"Negative Regulation Of Cellular Metabolic
Process"
GO_Biological_Process_2023	Negative Regulation Of Cold-Induced Thermogenesis (GO:0120163)	1/46	0.0339615467251988	0.0465041634134824	0	0	31.650793650793652	107.05964425258333	RB1	1	46	0.021739130434782608	1.332508163958236	Negative Regulation Of Cold-Induced Thermogenesis	"Negative Regulation Of Cold-Induced
Thermogenesis"
GO_Biological_Process_2023	Protein Sumoylation (GO:0016925)	1/46	0.0339615467251988	0.0465041634134824	0	0	31.650793650793652	107.05964425258333	MDM2	1	46	0.021739130434782608	1.332508163958236	Protein Sumoylation	Protein Sumoylation
GO_Biological_Process_2023	Regulation Of Intrinsic Apoptotic Signaling Pathway (GO:2001242)	1/48	0.0354134310062899	0.0482182874153438	0	0	30.300911854103344	101.22516915069232	TP53	1	48	0.020833333333333332	1.3167882186635447	Regulation Of Intrinsic Apoptotic Signaling Pathway	"Regulation Of Intrinsic Apoptotic Signaling
Pathway"
GO_Biological_Process_2023	Regulation Of Tumor Necrosis Factor-Mediated Signaling Pathway (GO:0010803)	1/48	0.0354134310062899	0.0482182874153438	0	0	30.300911854103344	101.22516915069232	CASP8	1	48	0.020833333333333332	1.3167882186635447	Regulation Of Tumor Necrosis Factor-Mediated Signaling Pathway	"Regulation Of Tumor Necrosis Factor-Mediated
Signaling Pathway"
GO_Biological_Process_2023	Positive Regulation Of miRNA Metabolic Process (GO:2000630)	1/49	0.0361386092201723	0.0489292405733794	0	0	29.668154761904763	98.50994756608031	TP53	1	49	0.02040816326530612	1.3104315248358156	Positive Regulation Of miRNA Metabolic Process	"Positive Regulation Of miRNA Metabolic
Process"
GO_Biological_Process_2023	Regulation Of Mitotic Metaphase/Anaphase Transition (GO:0030071)	1/49	0.0361386092201723	0.0489292405733794	0	0	29.668154761904763	98.50994756608031	RB1	1	49	0.02040816326530612	1.3104315248358156	Regulation Of Mitotic Metaphase/Anaphase Transition	"Regulation Of Mitotic Metaphase/Anaphase
Transition"
GO_Biological_Process_2023	Regulation Of TORC1 Signaling (GO:1903432)	1/50	0.0368632785936063	0.0497705890255413	0	0	29.06122448979592	95.91771596133704	ATM	1	50	0.02	1.3030272194322166	Regulation Of TORC1 Signaling	Regulation Of TORC1 Signaling
GO_Biological_Process_2023	Cell Cycle G1/S Phase Transition (GO:0044843)	1/52	0.0383110921224364	0.0511522061025328	0	0	27.9187675070028	91.07146109214372	CDKN1A	1	52	0.019230769230769232	1.2911356312089923	Cell Cycle G1/S Phase Transition	Cell Cycle G1/S Phase Transition
GO_Biological_Process_2023	Positive Regulation Of Telomere Maintenance (GO:0032206)	1/52	0.0383110921224364	0.0511522061025328	0	0	27.9187675070028	91.07146109214372	ATM	1	52	0.019230769230769232	1.2911356312089923	Positive Regulation Of Telomere Maintenance	Positive Regulation Of Telomere Maintenance
GO_Biological_Process_2023	Positive Regulation Of Transcription Initiation By RNA Polymerase II (GO:0060261)	1/52	0.0383110921224364	0.0511522061025328	0	0	27.9187675070028	91.07146109214372	TP53	1	52	0.019230769230769232	1.2911356312089923	Positive Regulation Of Transcription Initiation By RNA Polymerase II	"Positive Regulation Of Transcription
Initiation By RNA Polymerase II"
GO_Biological_Process_2023	Regulation Of Proteolysis (GO:0030162)	1/52	0.0383110921224364	0.0511522061025328	0	0	27.9187675070028	91.07146109214372	CASP8	1	52	0.019230769230769232	1.2911356312089923	Regulation Of Proteolysis	Regulation Of Proteolysis
GO_Biological_Process_2023	Negative Regulation Of Metabolic Process (GO:0009892)	1/53	0.0390342369458394	0.0519737630052337	0	0	27.380494505494507	88.80359995755282	RB1	1	53	0.018867924528301886	1.2842158382426523	Negative Regulation Of Metabolic Process	Negative Regulation Of Metabolic Process
GO_Biological_Process_2023	Negative Regulation Of TOR Signaling (GO:0032007)	1/54	0.0397568742449852	0.0527901195208895	0	0	26.862533692722373	86.63093286520242	ATM	1	54	0.018518518518518517	1.2774473547218295	Negative Regulation Of TOR Signaling	Negative Regulation Of TOR Signaling
GO_Biological_Process_2023	Regulation Of Mitotic Nuclear Division (GO:0007088)	1/56	0.041200627604441	0.0545568750146719	0	0	25.883116883116884	82.54907099640234	CHEK1	1	56	0.017857142857142856	1.2631505137685872	Regulation Of Mitotic Nuclear Division	Regulation Of Mitotic Nuclear Division
GO_Biological_Process_2023	Positive Regulation Of Interleukin-1 Beta Production (GO:0032731)	1/57	0.0419217443178537	0.0553596733183712	0	0	25.419642857142858	80.62985215473387	CASP8	1	57	0.017543859649122806	1.2568064813483963	Positive Regulation Of Interleukin-1 Beta Production	"Positive Regulation Of Interleukin-1 Beta
Production"
GO_Biological_Process_2023	Peptidyl-Threonine Phosphorylation (GO:0018107)	1/58	0.0426423548276304	0.0560044006183048	0	0	24.972431077694235	78.78570447797571	CHEK1	1	58	0.017241379310344827	1.2517778464016804	Peptidyl-Threonine Phosphorylation	Peptidyl-Threonine Phosphorylation
GO_Biological_Process_2023	Selective Autophagy (GO:0061912)	1/58	0.0426423548276304	0.0560044006183048	0	0	24.972431077694235	78.78570447797571	ATM	1	58	0.017241379310344827	1.2517778464016804	Selective Autophagy	Selective Autophagy
GO_Biological_Process_2023	Chordate Embryonic Development (GO:0043009)	1/59	0.0433624594690451	0.0563361333263605	0	0	24.54064039408867	77.0124855419272	BRCA1	1	59	0.01694915254237288	1.2492129644615837	Chordate Embryonic Development	Chordate Embryonic Development
GO_Biological_Process_2023	Positive Regulation Of Proteolysis (GO:0045862)	1/59	0.0433624594690451	0.0563361333263605	0	0	24.54064039408867	77.0124855419272	CASP8	1	59	0.01694915254237288	1.2492129644615837	Positive Regulation Of Proteolysis	Positive Regulation Of Proteolysis
GO_Biological_Process_2023	Regulation Of miRNA Transcription (GO:1902893)	1/59	0.0433624594690451	0.0563361333263605	0	0	24.54064039408867	77.0124855419272	TP53	1	59	0.01694915254237288	1.2492129644615837	Regulation Of miRNA Transcription	Regulation Of miRNA Transcription
GO_Biological_Process_2023	protein-DNA Complex Assembly (GO:0065004)	1/59	0.0433624594690451	0.0563361333263605	0	0	24.54064039408867	77.0124855419272	RAD51	1	59	0.01694915254237288	1.2492129644615837	protein-DNA Complex Assembly	protein-DNA Complex Assembly
GO_Biological_Process_2023	Response To Retinoic Acid (GO:0032526)	1/60	0.0440820585634856	0.0571170758806453	0	0	24.12348668280872	75.30634662640054	ATM	1	60	0.016666666666666666	1.2432340344497872	Response To Retinoic Acid	Response To Retinoic Acid
GO_Biological_Process_2023	Negative Regulation Of Intrinsic Apoptotic Signaling Pathway (GO:2001243)	1/61	0.0448011524424067	0.0578931782231636	0	0	23.720238095238095	73.66370739100482	MDM2	1	61	0.01639344262295082	1.2373726078542704	Negative Regulation Of Intrinsic Apoptotic Signaling Pathway	"Negative Regulation Of Intrinsic Apoptotic
Signaling Pathway"
GO_Biological_Process_2023	Negative Regulation Of Kinase Activity (GO:0033673)	1/62	0.0455197414373441	0.0586644796064168	0	0	23.330210772833723	72.08123312729496	RB1	1	62	0.016129032258064516	1.2316247774606788	Negative Regulation Of Kinase Activity	Negative Regulation Of Kinase Activity
GO_Biological_Process_2023	G1/S Transition Of Mitotic Cell Cycle (GO:0000082)	1/63	0.0462378258751889	0.0591157349385705	0	0	22.952764976958527	70.5558142686329	CDKN1A	1	63	0.015873015873015872	1.228296906809805	G1/S Transition Of Mitotic Cell Cycle	G1/S Transition Of Mitotic Cell Cycle
GO_Biological_Process_2023	Positive Regulation Of Mitotic Cell Cycle Phase Transition (GO:1901992)	1/63	0.0462378258751889	0.0591157349385705	0	0	22.952764976958527	70.5558142686329	RB1	1	63	0.015873015873015872	1.228296906809805	Positive Regulation Of Mitotic Cell Cycle Phase Transition	"Positive Regulation Of Mitotic Cell Cycle
Phase Transition"
GO_Biological_Process_2023	Regulation Of Cellular Catabolic Process (GO:0031329)	1/63	0.0462378258751889	0.0591157349385705	0	0	22.952764976958527	70.5558142686329	ATM	1	63	0.015873015873015872	1.228296906809805	Regulation Of Cellular Catabolic Process	Regulation Of Cellular Catabolic Process
GO_Biological_Process_2023	Cellular Response To Virus (GO:0098586)	1/64	0.0469554060796374	0.0595592256062769	0	0	22.58730158730159	69.0845479012675	BAX	1	64	0.015625	1.2250509576140716	Cellular Response To Virus	Cellular Response To Virus
GO_Biological_Process_2023	Positive Regulation Of Cysteine-Type Endopeptidase Activity (GO:2001056)	1/64	0.0469554060796374	0.0595592256062769	0	0	22.58730158730159	69.0845479012675	CASP8	1	64	0.015625	1.2250509576140716	Positive Regulation Of Cysteine-Type Endopeptidase Activity	"Positive Regulation Of Cysteine-Type
Endopeptidase Activity"
GO_Biological_Process_2023	Positive Regulation Of Interleukin-1 Production (GO:0032732)	1/64	0.0469554060796374	0.0595592256062769	0	0	22.58730158730159	69.0845479012675	CASP8	1	64	0.015625	1.2250509576140716	Positive Regulation Of Interleukin-1 Production	"Positive Regulation Of Interleukin-1
Production"
GO_Biological_Process_2023	Regulation Of Cell-Matrix Adhesion (GO:0001952)	1/65	0.0476724823882987	0.060310069583097	0	0	22.233258928571427	67.66472104881002	CDKN2A	1	65	0.015384615384615385	1.2196101704589488	Regulation Of Cell-Matrix Adhesion	Regulation Of Cell-Matrix Adhesion
GO_Biological_Process_2023	Peptidyl-Threonine Modification (GO:0018210)	1/66	0.0483890551226402	0.0608969309898501	0	0	21.89010989010989	66.29379556401673	CHEK1	1	66	0.015151515151515152	1.2154045938656177	Peptidyl-Threonine Modification	Peptidyl-Threonine Modification
GO_Biological_Process_2023	Response To Reactive Oxygen Species (GO:0000302)	1/66	0.0483890551226402	0.0608969309898501	0	0	21.89010989010989	66.29379556401673	ATM	1	66	0.015151515151515152	1.2154045938656177	Response To Reactive Oxygen Species	Response To Reactive Oxygen Species
GO_Biological_Process_2023	Positive Regulation Of Cell Population Proliferation (GO:0008284)	2/483	0.0496587811246266	0.0623321158908073	0	0	6.2382856229010075	18.730951917679132	CDKN1A;MDM2	2	483	0.004140786749482402	1.2052881305425405	Positive Regulation Of Cell Population Proliferation	"Positive Regulation Of Cell Population
Proliferation"
GO_Biological_Process_2023	DNA-templated DNA Replication (GO:0006261)	1/69	0.0505357551625392	0.0632681402294647	0	0	20.92121848739496	62.4513889160488	RAD51	1	69	0.014492753623188406	1.198814931463911	DNA-templated DNA Replication	DNA-templated DNA Replication
GO_Biological_Process_2023	Negative Regulation Of Epithelial Cell Proliferation (GO:0050680)	1/70	0.0512503168821025	0.0638311440237039	0	0	20.616977225672876	61.25372955093302	BRCA2	1	70	0.014285714285714285	1.1949673717893805	Negative Regulation Of Epithelial Cell Proliferation	"Negative Regulation Of Epithelial Cell
Proliferation"
GO_Biological_Process_2023	Negative Regulation Of Extrinsic Apoptotic Signaling Pathway (GO:2001237)	1/70	0.0512503168821025	0.0638311440237039	0	0	20.616977225672876	61.25372955093302	BRCA1	1	70	0.014285714285714285	1.1949673717893805	Negative Regulation Of Extrinsic Apoptotic Signaling Pathway	"Negative Regulation Of Extrinsic Apoptotic
Signaling Pathway"
GO_Biological_Process_2023	Myeloid Leukocyte Differentiation (GO:0002573)	1/71	0.0519643766701574	0.064553684420144	0	0	20.321428571428573	60.09446474588032	CASP8	1	71	0.014084507042253521	1.1900789652074302	Myeloid Leukocyte Differentiation	Myeloid Leukocyte Differentiation
GO_Biological_Process_2023	Cellular Response To Reactive Oxygen Species (GO:0034614)	1/73	0.0533909917466193	0.0659857897996679	0	0	19.754960317460316	57.88427080418689	ATM	1	73	0.0136986301369863	1.1805495807620332	Cellular Response To Reactive Oxygen Species	Cellular Response To Reactive Oxygen Species
GO_Biological_Process_2023	DNA Replication (GO:0006260)	1/73	0.0533909917466193	0.0659857897996679	0	0	19.754960317460316	57.88427080418689	CHEK1	1	73	0.0136986301369863	1.1805495807620332	DNA Replication	DNA Replication
GO_Biological_Process_2023	Regulation Of DNA Replication (GO:0006275)	1/75	0.0548156030017759	0.0675731985853094	0	0	19.219111969111967	55.80808062680675	ATR	1	75	0.013333333333333334	1.1702255232080427	Regulation Of DNA Replication	Regulation Of DNA Replication
GO_Biological_Process_2023	Cell Morphogenesis Involved In Neuron Differentiation (GO:0048667)	1/77	0.0562382130645868	0.0687990322262204	0	0	18.711466165413533	53.854571105438765	RB1	1	77	0.012987012987012988	1.1624176708018186	Cell Morphogenesis Involved In Neuron Differentiation	"Cell Morphogenesis Involved In Neuron
Differentiation"
GO_Biological_Process_2023	Positive Regulation Of Response To Stimulus (GO:0048584)	1/77	0.0562382130645868	0.0687990322262204	0	0	18.711466165413533	53.854571105438765	BRCA1	1	77	0.012987012987012988	1.1624176708018186	Positive Regulation Of Response To Stimulus	Positive Regulation Of Response To Stimulus
GO_Biological_Process_2023	Regulation Of Immune Response (GO:0050776)	1/77	0.0562382130645868	0.0687990322262204	0	0	18.711466165413533	53.854571105438765	CASP8	1	77	0.012987012987012988	1.1624176708018186	Regulation Of Immune Response	Regulation Of Immune Response
GO_Biological_Process_2023	Negative Regulation Of Protein Modification Process (GO:0031400)	1/78	0.0569487684566197	0.0691418297130748	0	0	18.467532467532468	52.920620399451245	CDKN1A	1	78	0.01282051282051282	1.1602591318260465	Negative Regulation Of Protein Modification Process	"Negative Regulation Of Protein Modification
Process"
GO_Biological_Process_2023	Organonitrogen Compound Catabolic Process (GO:1901565)	1/78	0.0569487684566197	0.0691418297130748	0	0	18.467532467532468	52.920620399451245	CHEK2	1	78	0.01282051282051282	1.1602591318260465	Organonitrogen Compound Catabolic Process	Organonitrogen Compound Catabolic Process
GO_Biological_Process_2023	Regulation Of Innate Immune Response (GO:0045088)	1/78	0.0569487684566197	0.0691418297130748	0	0	18.467532467532468	52.920620399451245	CASP8	1	78	0.01282051282051282	1.1602591318260465	Regulation Of Innate Immune Response	Regulation Of Innate Immune Response
GO_Biological_Process_2023	Positive Regulation Of Protein Modification By Small Protein Conjugation Or Removal (GO:1903322)	1/79	0.0576588245288115	0.0698280236755959	0	0	18.22985347985348	52.013636218945	BRCA1	1	79	0.012658227848101266	1.1559702495088797	Positive Regulation Of Protein Modification By Small Protein Conjugation Or Removal	"Positive Regulation Of Protein Modification
By Small Protein Conjugation Or Removal"
GO_Biological_Process_2023	Negative Regulation Of NF-kappaB Transcription Factor Activity (GO:0032088)	1/81	0.0590774399971135	0.0711883151965218	0	0	17.772321428571427	50.27622944918878	CDKN2A	1	81	0.012345679012345678	1.1475912853255654	Negative Regulation Of NF-kappaB Transcription Factor Activity	"Negative Regulation Of NF-kappaB
Transcription Factor Activity"
GO_Biological_Process_2023	Spindle Assembly (GO:0051225)	1/81	0.0590774399971135	0.0711883151965218	0	0	17.772321428571427	50.27622944918878	CHEK2	1	81	0.012345679012345678	1.1475912853255654	Spindle Assembly	Spindle Assembly
GO_Biological_Process_2023	Negative Regulation Of Apoptotic Signaling Pathway (GO:2001234)	1/82	0.0597860000469653	0.0718624738719134	0	0	17.552028218694886	49.44377841836203	RB1	1	82	0.012195121951219513	1.143497836248712	Negative Regulation Of Apoptotic Signaling Pathway	"Negative Regulation Of Apoptotic Signaling
Pathway"
GO_Biological_Process_2023	Positive Regulation Of Proteasomal Ubiquitin-Dependent Protein Catabolic Process (GO:0032436)	1/83	0.0604940620743171	0.0723526995529053	0	0	17.337108013937282	48.63422992112451	MDM2	1	83	0.012048192771084338	1.1405452602732316	Positive Regulation Of Proteasomal Ubiquitin-Dependent Protein Catabolic Process	"Positive Regulation Of Proteasomal Ubiquitin-
Dependent Protein Catabolic Process"
GO_Biological_Process_2023	Positive Regulation Of Ubiquitin-Dependent Protein Catabolic Process (GO:2000060)	1/83	0.0604940620743171	0.0723526995529053	0	0	17.337108013937282	48.63422992112451	MDM2	1	83	0.012048192771084338	1.1405452602732316	Positive Regulation Of Ubiquitin-Dependent Protein Catabolic Process	"Positive Regulation Of Ubiquitin-Dependent
Protein Catabolic Process"
GO_Biological_Process_2023	Positive Regulation Of Protein Ubiquitination (GO:0031398)	1/84	0.0612016264045237	0.0727804639047924	0	0	17.12736660929432	47.84669475315345	BRCA1	1	84	0.011904761904761904	1.13798518053531	Positive Regulation Of Protein Ubiquitination	Positive Regulation Of Protein Ubiquitination
GO_Biological_Process_2023	Regulation Of Interleukin-1 Beta Production (GO:0032651)	1/84	0.0612016264045237	0.0727804639047924	0	0	17.12736660929432	47.84669475315345	CASP8	1	84	0.011904761904761904	1.13798518053531	Regulation Of Interleukin-1 Beta Production	Regulation Of Interleukin-1 Beta Production
GO_Biological_Process_2023	Macromolecule Catabolic Process (GO:0009057)	1/85	0.0619086933629976	0.0727804639047924	0	0	16.922619047619047	47.08032820576258	CHEK2	1	85	0.011764705882352941	1.13798518053531	Macromolecule Catabolic Process	Macromolecule Catabolic Process
GO_Biological_Process_2023	Mitotic Spindle Organization (GO:0007052)	1/85	0.0619086933629976	0.0727804639047924	0	0	16.922619047619047	47.08032820576258	CHEK2	1	85	0.011764705882352941	1.13798518053531	Mitotic Spindle Organization	Mitotic Spindle Organization
GO_Biological_Process_2023	Nuclear-Transcribed mRNA Catabolic Process (GO:0000956)	1/85	0.0619086933629976	0.0727804639047924	0	0	16.922619047619047	47.08032820576258	ATM	1	85	0.011764705882352941	1.13798518053531	Nuclear-Transcribed mRNA Catabolic Process	Nuclear-Transcribed mRNA Catabolic Process
GO_Biological_Process_2023	Regulation Of Kinase Activity (GO:0043549)	1/85	0.0619086933629976	0.0727804639047924	0	0	16.922619047619047	47.08032820576258	RB1	1	85	0.011764705882352941	1.13798518053531	Regulation Of Kinase Activity	Regulation Of Kinase Activity
GO_Biological_Process_2023	mRNA Metabolic Process (GO:0016071)	1/85	0.0619086933629976	0.0727804639047924	0	0	16.922619047619047	47.08032820576258	TP53	1	85	0.011764705882352941	1.13798518053531	mRNA Metabolic Process	mRNA Metabolic Process
GO_Biological_Process_2023	Positive Regulation Of Cell Adhesion (GO:0045785)	1/88	0.0640269132494826	0.0750875235675198	0	0	16.336617405582924	44.90040493421904	ATM	1	88	0.011363636363636364	1.1244322187337217	Positive Regulation Of Cell Adhesion	Positive Regulation Of Cell Adhesion
GO_Biological_Process_2023	Cellular Response To Chemical Stress (GO:0062197)	1/89	0.0647319939567834	0.0755467822933888	0	0	16.150162337662337	44.211064597664894	ATM	1	89	0.011235955056179775	1.1217840285054335	Cellular Response To Chemical Stress	Cellular Response To Chemical Stress
GO_Biological_Process_2023	Positive Regulation Of DNA Repair (GO:0045739)	1/89	0.0647319939567834	0.0755467822933888	0	0	16.150162337662337	44.211064597664894	BRCA1	1	89	0.011235955056179775	1.1217840285054335	Positive Regulation Of DNA Repair	Positive Regulation Of DNA Repair
GO_Biological_Process_2023	Positive Regulation Of Proteasomal Protein Catabolic Process (GO:1901800)	1/90	0.0654365789191557	0.0760010386482724	0	0	15.967897271268058	43.53924818748468	MDM2	1	90	0.011111111111111112	1.119180472506958	Positive Regulation Of Proteasomal Protein Catabolic Process	"Positive Regulation Of Proteasomal Protein
Catabolic Process"
GO_Biological_Process_2023	Regulation Of Peptidyl-Tyrosine Phosphorylation (GO:0050730)	1/90	0.0654365789191557	0.0760010386482724	0	0	15.967897271268058	43.53924818748468	TP53	1	90	0.011111111111111112	1.119180472506958	Regulation Of Peptidyl-Tyrosine Phosphorylation	"Regulation Of Peptidyl-Tyrosine
Phosphorylation"
GO_Biological_Process_2023	B Cell Activation (GO:0042113)	1/92	0.0668442628656717	0.0774493622626292	0	0	15.615384615384617	42.24570226347746	CASP8	1	92	0.010869565217391304	1.1109821539791631	B Cell Activation	B Cell Activation
GO_Biological_Process_2023	Positive Regulation Of Cellular Component Biogenesis (GO:0044089)	1/93	0.0675473625075365	0.0780763278864091	0	0	15.444875776397517	41.62280131809552	BAX	1	93	0.010752688172043012	1.107480620753403	Positive Regulation Of Cellular Component Biogenesis	"Positive Regulation Of Cellular Component
Biogenesis"
GO_Biological_Process_2023	Peptidyl-Lysine Modification (GO:0018205)	1/94	0.0682499676931499	0.0786997235121968	0	0	15.278033794162829	41.01507826972229	MDM2	1	94	0.010638297872340425	1.104026793401268	Peptidyl-Lysine Modification	Peptidyl-Lysine Modification
GO_Biological_Process_2023	Positive Regulation Of Supramolecular Fiber Organization (GO:1902905)	1/96	0.0696536959639779	0.0801266860492538	0	0	14.954887218045112	39.84310237624529	RB1	1	96	0.010416666666666666	1.0962228188249756	Positive Regulation Of Supramolecular Fiber Organization	"Positive Regulation Of Supramolecular Fiber
Organization"
GO_Biological_Process_2023	Regulation Of Defense Response (GO:0031347)	1/97	0.070354819690786	0.0807405311689497	0	0	14.798363095238097	39.277874337242054	CASP8	1	97	0.010309278350515464	1.0929083978166505	Regulation Of Defense Response	Regulation Of Defense Response
GO_Biological_Process_2023	Negative Regulation Of Macromolecule Biosynthetic Process (GO:0010558)	1/98	0.0710554502653649	0.0813508955532206	0	0	14.645066273932253	38.72587137976069	CDKN1A	1	98	0.01020408163265306	1.0896376617599293	Negative Regulation Of Macromolecule Biosynthetic Process	"Negative Regulation Of Macromolecule
Biosynthetic Process"
GO_Biological_Process_2023	Hemopoiesis (GO:0030097)	1/101	0.073154386171474	0.0835554837313992	0	0	14.20357142857143	37.14494126610284	TP53	1	101	0.009900990099009901	1.0780250421663444	Hemopoiesis	Hemopoiesis
GO_Biological_Process_2023	Positive Regulation Of Kinase Activity (GO:0033674)	1/104	0.0752488951179902	0.0855423760539417	0	0	13.787794729542302	35.66839153029831	CDKN1A	1	104	0.009615384615384616	1.0678186908013945	Positive Regulation Of Kinase Activity	Positive Regulation Of Kinase Activity
GO_Biological_Process_2023	Positive Regulation Of Vasculature Development (GO:1904018)	1/104	0.0752488951179902	0.0855423760539417	0	0	13.787794729542302	35.66839153029831	BRCA1	1	104	0.009615384615384616	1.0678186908013945	Positive Regulation Of Vasculature Development	"Positive Regulation Of Vasculature
Development"
GO_Biological_Process_2023	Cellular Response To Organonitrogen Compound (GO:0071417)	1/105	0.0759460825081513	0.0859296050913825	0	0	13.654532967032967	35.1977215377034	BRCA1	1	105	0.009523809523809525	1.0658571840998485	Cellular Response To Organonitrogen Compound	Cellular Response To Organonitrogen Compound
GO_Biological_Process_2023	Regulation Of Neuron Apoptotic Process (GO:0043523)	1/105	0.0759460825081513	0.0859296050913825	0	0	13.654532967032967	35.1977215377034	BAX	1	105	0.009523809523809525	1.0658571840998485	Regulation Of Neuron Apoptotic Process	Regulation Of Neuron Apoptotic Process
GO_Biological_Process_2023	Regulation Of Proteasomal Ubiquitin-Dependent Protein Catabolic Process (GO:0032434)	1/109	0.0787299292522779	0.0888707866501123	0	0	13.14616402116402	33.41402446045909	MDM2	1	109	0.009174311926605505	1.0512409756065593	Regulation Of Proteasomal Ubiquitin-Dependent Protein Catabolic Process	"Regulation Of Proteasomal Ubiquitin-Dependent
Protein Catabolic Process"
GO_Biological_Process_2023	Mitotic Sister Chromatid Segregation (GO:0000070)	1/111	0.080118915428102	0.0898077145031282	0	0	12.905844155844155	32.577490707306566	CHEK2	1	111	0.009009009009009009	1.0466863557354076	Mitotic Sister Chromatid Segregation	Mitotic Sister Chromatid Segregation
GO_Biological_Process_2023	Negative Regulation Of Inflammatory Response (GO:0050728)	1/111	0.080118915428102	0.0898077145031282	0	0	12.905844155844155	32.577490707306566	RB1	1	111	0.009009009009009009	1.0466863557354076	Negative Regulation Of Inflammatory Response	Negative Regulation Of Inflammatory Response
GO_Biological_Process_2023	T Cell Activation (GO:0042110)	1/111	0.080118915428102	0.0898077145031282	0	0	12.905844155844155	32.577490707306566	CASP8	1	111	0.009009009009009009	1.0466863557354076	T Cell Activation	T Cell Activation
GO_Biological_Process_2023	Negative Regulation Of Defense Response (GO:0031348)	1/112	0.0808126753410127	0.0903751960890212	0	0	12.788931788931787	32.17211116568681	RB1	1	112	0.008928571428571428	1.0439507473982428	Negative Regulation Of Defense Response	Negative Regulation Of Defense Response
GO_Biological_Process_2023	Regulation Of Protein Ubiquitination (GO:0031396)	1/113	0.0815059468910249	0.0909395055589676	0	0	12.674107142857142	31.77499158030827	BRCA1	1	113	0.008849557522123894	1.041247411397633	Regulation Of Protein Ubiquitination	Regulation Of Protein Ubiquitination
GO_Biological_Process_2023	Protein Maturation (GO:0051604)	1/117	0.0842741558805734	0.0938109541211001	0	0	12.23460591133005	30.264500368693557	CASP8	1	117	0.008547008547008548	1.0277464469451794	Protein Maturation	Protein Maturation
GO_Biological_Process_2023	Positive Regulation Of Angiogenesis (GO:0045766)	1/119	0.0856553385007923	0.0951287399939675	0	0	12.026029055690072	29.553049141820058	BRCA1	1	119	0.008403361344537815	1.0216882555636773	Positive Regulation Of Angiogenesis	Positive Regulation Of Angiogenesis
GO_Biological_Process_2023	Protein Localization To Nucleus (GO:0034504)	1/122	0.0877234672370069	0.0972016349614651	0	0	11.726092089728454	28.53621702932384	MDM2	1	122	0.00819672131147541	1.0123264300452202	Protein Localization To Nucleus	Protein Localization To Nucleus
GO_Biological_Process_2023	Regulation Of DNA Metabolic Process (GO:0051052)	1/124	0.0890997933217558	0.0985002302318493	0	0	11.534262485481998	27.889826667906146	BRCA1	1	124	0.008064516129032258	1.0065627543926943	Regulation Of DNA Metabolic Process	Regulation Of DNA Metabolic Process
GO_Biological_Process_2023	Response To Cytokine (GO:0034097)	1/125	0.0897872293945084	0.0990330539317004	0	0	11.440668202764977	27.575585868407	CASP8	1	125	0.008	1.0042198281878791	Response To Cytokine	Response To Cytokine
GO_Biological_Process_2023	Regulation Of Response To External Stimulus (GO:0032101)	1/127	0.0911606491646467	0.1003183399483098	0	0	11.257936507936508	26.96424346033221	CASP8	1	127	0.007874015748031496	0.9986196630888551	Regulation Of Response To External Stimulus	Regulation Of Response To External Stimulus
GO_Biological_Process_2023	Positive Regulation Of Peptidyl-Tyrosine Phosphorylation (GO:0050731)	1/130	0.0932171526702975	0.1021151536070078	0	0	10.994462901439643	26.08792030190406	TP53	1	130	0.007692307692307693	0.9909098050279805	Positive Regulation Of Peptidyl-Tyrosine Phosphorylation	"Positive Regulation Of Peptidyl-Tyrosine
Phosphorylation"
GO_Biological_Process_2023	Regulation Of Cell Cycle Process (GO:0010564)	1/130	0.0932171526702975	0.1021151536070078	0	0	10.994462901439643	26.08792030190406	CHEK1	1	130	0.007692307692307693	0.9909098050279805	Regulation Of Cell Cycle Process	Regulation Of Cell Cycle Process
GO_Biological_Process_2023	Plasma Membrane Bounded Cell Projection Organization (GO:0120036)	1/132	0.0945857412496912	0.1033794269441069	0	0	10.825517993456923	25.52926201398732	RB1	1	132	0.007575757575757576	0.985565879555656	Plasma Membrane Bounded Cell Projection Organization	"Plasma Membrane Bounded Cell Projection
Organization"
GO_Biological_Process_2023	Protein Localization To Organelle (GO:0033365)	1/137	0.0979987829751249	0.1068674511176701	0	0	10.424894957983192	24.214948291558056	MDM2	1	137	0.0072992700729927005	0.9711545487898857	Protein Localization To Organelle	Protein Localization To Organelle
GO_Biological_Process_2023	Intracellular Calcium Ion Homeostasis (GO:0006874)	1/139	0.0993606343978926	0.1081079588708448	0	0	10.272774327122152	23.719828483584102	BAX	1	139	0.007194244604316547	0.966142332258956	Intracellular Calcium Ion Homeostasis	Intracellular Calcium Ion Homeostasis
GO_Biological_Process_2023	Regulation Of Cell Adhesion (GO:0030155)	1/144	0.1027568717421913	0.1115513787831896	0	0	9.91108891108891	22.55158813317602	ATM	1	144	0.006944444444444444	0.9525250574354516	Regulation Of Cell Adhesion	Regulation Of Cell Adhesion
GO_Biological_Process_2023	Positive Regulation Of Protein Kinase Activity (GO:0045860)	1/145	0.1034346832328685	0.1120348703780733	0	0	9.841765873015872	22.32914550150232	CDKN1A	1	145	0.006896551724137931	0.9506467839746424	Positive Regulation Of Protein Kinase Activity	"Positive Regulation Of Protein Kinase
Activity"
GO_Biological_Process_2023	Negative Regulation Of Response To External Stimulus (GO:0032102)	1/146	0.1041120167975172	0.1122639644214839	0	0	9.773399014778326	22.11024208758202	RB1	1	146	0.00684931506849315	0.9497596254338768	Negative Regulation Of Response To External Stimulus	"Negative Regulation Of Response To External
Stimulus"
GO_Biological_Process_2023	Regulation Of Cold-Induced Thermogenesis (GO:0120161)	1/146	0.1041120167975172	0.1122639644214839	0	0	9.773399014778326	22.11024208758202	RB1	1	146	0.00684931506849315	0.9497596254338768	Regulation Of Cold-Induced Thermogenesis	Regulation Of Cold-Induced Thermogenesis
GO_Biological_Process_2023	Neuron Development (GO:0048666)	1/150	0.1068165780037886	0.114923193298719	0	0	9.509108341323106	21.268472427628502	RB1	1	150	0.006666666666666667	0.9395923150439517	Neuron Development	Neuron Development
GO_Biological_Process_2023	Mitochondrion Organization (GO:0007005)	1/162	0.1148846101623253	0.1230541824405351	0	0	8.79503105590062	19.030926053726596	BAX	1	162	0.006172839506172839	0.9099036206448333	Mitochondrion Organization	Mitochondrion Organization
GO_Biological_Process_2023	Regulation Of Macromolecule Metabolic Process (GO:0060255)	1/162	0.1148846101623253	0.1230541824405351	0	0	8.79503105590062	19.030926053726596	MDM2	1	162	0.006172839506172839	0.9099036206448333	Regulation Of Macromolecule Metabolic Process	Regulation Of Macromolecule Metabolic Process
GO_Biological_Process_2023	Regulation Of Cytokine Production (GO:0001817)	1/167	0.1182261724139303	0.1263525833780807	0	0	8.527969018932874	18.208542288702866	CASP8	1	167	0.005988023952095809	0.8984158741605643	Regulation Of Cytokine Production	Regulation Of Cytokine Production
GO_Biological_Process_2023	Positive Regulation Of I-kappaB kinase/NF-kappaB Signaling (GO:0043123)	1/175	0.1235481914152237	0.1317482926153491	0	0	8.132594417077176	17.006263246959996	CASP8	1	175	0.005714285714285714	0.8802550042940657	Positive Regulation Of I-kappaB kinase/NF-kappaB Signaling	"Positive Regulation Of I-kappaB kinase/NF-
kappaB Signaling"
GO_Biological_Process_2023	Negative Regulation Of Macromolecule Metabolic Process (GO:0010605)	1/186	0.1308170282961042	0.1391916283415502	0	0	7.644787644787645	15.549159120120551	RB1	1	186	0.005376344086021506	0.856386884512836	Negative Regulation Of Macromolecule Metabolic Process	"Negative Regulation Of Macromolecule
Metabolic Process"
GO_Biological_Process_2023	Modification-Dependent Protein Catabolic Process (GO:0019941)	1/192	0.1347580944086354	0.1427547285823346	0	0	7.402393418100225	14.836424674361693	MDM2	1	192	0.005208333333333333	0.8454094973503926	Modification-Dependent Protein Catabolic Process	"Modification-Dependent Protein Catabolic
Process"
GO_Biological_Process_2023	Neuron Projection Development (GO:0031175)	1/192	0.1347580944086354	0.1427547285823346	0	0	7.402393418100225	14.836424674361693	RB1	1	192	0.005208333333333333	0.8454094973503926	Neuron Projection Development	Neuron Projection Development
GO_Biological_Process_2023	Positive Regulation Of Protein Metabolic Process (GO:0051247)	1/196	0.137376199262544	0.145209052729268	0	0	7.249084249084249	14.389665194271712	CASP8	1	196	0.00510204081632653	0.8380063076868003	Positive Regulation Of Protein Metabolic Process	"Positive Regulation Of Protein Metabolic
Process"
GO_Biological_Process_2023	DNA-templated Transcription (GO:0006351)	1/199	0.1393349236139555	0.1469571842055285	0	0	7.138167388167388	14.068433664554846	TP53	1	199	0.005025125628140704	0.8328091779850236	DNA-templated Transcription	DNA-templated Transcription
GO_Biological_Process_2023	Regulation Of Angiogenesis (GO:0045765)	1/205	0.1432399253949917	0.1507459476864323	0	0	6.9261204481792715	13.459074507019473	BRCA1	1	205	0.004878048780487805	0.8217543536228077	Regulation Of Angiogenesis	Regulation Of Angiogenesis
GO_Biological_Process_2023	Negative Regulation Of Cell Differentiation (GO:0045596)	1/207	0.1445379135412009	0.151780554089017	0	0	6.858183079056865	13.265189805915748	RB1	1	207	0.004830917874396135	0.8187838660743282	Negative Regulation Of Cell Differentiation	Negative Regulation Of Cell Differentiation
GO_Biological_Process_2023	Protein Stabilization (GO:0050821)	1/208	0.1451862191317074	0.1521299078727891	0	0	6.824706694271912	13.16989646549752	CHEK2	1	208	0.004807692307692308	0.8177853977335255	Protein Stabilization	Protein Stabilization
GO_Biological_Process_2023	Proteasomal Protein Catabolic Process (GO:0010498)	1/220	0.1529302029761138	0.1598966547385832	0	0	6.446836268754077	12.105699280191777	MDM2	1	220	0.004545454545454545	0.7961606222060563	Proteasomal Protein Catabolic Process	Proteasomal Protein Catabolic Process
GO_Biological_Process_2023	Positive Regulation Of Cell Motility (GO:2000147)	1/221	0.1535725704417369	0.160220733664323	0	0	6.417207792207792	12.023165343876336	ATM	1	221	0.004524886877828055	0.795281283923711	Positive Regulation Of Cell Motility	Positive Regulation Of Cell Motility
GO_Biological_Process_2023	Positive Regulation Of Protein Modification Process (GO:0031401)	1/225	0.156137496570655	0.1625448668402931	0	0	6.301339285714286	11.7017021894609	CDKN1A	1	225	0.0044444444444444444	0.789026740951833	Positive Regulation Of Protein Modification Process	"Positive Regulation Of Protein Modification
Process"
GO_Biological_Process_2023	Cellular Response To Lipid (GO:0071396)	1/228	0.1580564285064521	0.164187927888168	0	0	6.217117684078037	11.46935839487409	ATM	1	228	0.0043859649122807015	0.7846587780587965	Cellular Response To Lipid	Cellular Response To Lipid
GO_Biological_Process_2023	Positive Regulation Of Phosphorylation (GO:0042327)	1/231	0.159971287115605	0.1658196997628422	0	0	6.135093167701863	11.244159092679784	CDKN1A	1	231	0.004329004329004329	0.7803638755344149	Positive Regulation Of Phosphorylation	Positive Regulation Of Phosphorylation
GO_Biological_Process_2023	Regulation Of I-kappaB kinase/NF-kappaB Signaling (GO:0043122)	1/232	0.1606086695205143	0.1661231302765835	0	0	6.108225108225108	11.170627381228671	CASP8	1	232	0.004310344827586207	0.7795698940259282	Regulation Of I-kappaB kinase/NF-kappaB Signaling	"Regulation Of I-kappaB kinase/NF-kappaB
Signaling"
GO_Biological_Process_2023	Regulation Of Inflammatory Response (GO:0050727)	1/240	0.1656915032214509	0.1710135001129322	0	0	5.901374775851763	10.608474375358169	RB1	1	240	0.004166666666666667	0.7669696042679246	Regulation Of Inflammatory Response	Regulation Of Inflammatory Response
GO_Biological_Process_2023	Regulation Of Autophagy (GO:0010506)	1/241	0.1663248336704287	0.171300362882792	0	0	5.876488095238095	10.541318232568733	ATM	1	241	0.004149377593360996	0.7662417170238228	Regulation Of Autophagy	Regulation Of Autophagy
GO_Biological_Process_2023	Cytokine-Mediated Signaling Pathway (GO:0019221)	1/257	0.1763972930360838	0.1812867702417749	0	0	5.504743303571429	9.550820356073343	TP53	1	257	0.0038910505836575876	0.7416338882411576	Cytokine-Mediated Signaling Pathway	Cytokine-Mediated Signaling Pathway
GO_Biological_Process_2023	Regulation Of Protein Phosphorylation (GO:0001932)	1/265	0.181390820197146	0.186022075180903	0	0	5.3357683982683985	9.108697424710169	CDKN1A	1	265	0.0037735849056603774	0.73043551513488	Regulation Of Protein Phosphorylation	Regulation Of Protein Phosphorylation
GO_Biological_Process_2023	Positive Regulation Of Signal Transduction (GO:0009967)	1/266	0.1820130203627847	0.1862638552332531	0	0	5.315363881401617	9.055663478454154	BAX	1	266	0.0037593984962406013	0.7298714123915074	Positive Regulation Of Signal Transduction	Positive Regulation Of Signal Transduction
GO_Biological_Process_2023	Negative Regulation Of Signal Transduction (GO:0009968)	1/267	0.18263477915248	0.1865041600667275	0	0	5.295112781954887	9.003104797016114	RB1	1	267	0.003745318352059925	0.7293114765959137	Negative Regulation Of Signal Transduction	Negative Regulation Of Signal Transduction
GO_Biological_Process_2023	Positive Regulation Of Cell Migration (GO:0030335)	1/272	0.185736962021256	0.1892710691210262	0	0	5.196099103848181	8.747236840642438	ATM	1	272	0.003676470588235294	0.7229157647013694	Positive Regulation Of Cell Migration	Positive Regulation Of Cell Migration
GO_Biological_Process_2023	Gene Expression (GO:0010467)	1/296	0.2004750717675746	0.2038586172826391	0	0	4.767554479418886	7.66177170489968	CASP8	1	296	0.0033783783783783786	0.6906709258149641	Gene Expression	Gene Expression
GO_Biological_Process_2023	Cellular Response To Cytokine Stimulus (GO:0071345)	1/308	0.2077504017429767	0.2108119866107679	0	0	4.5784085621219175	7.194593220534885	BRCA1	1	308	0.003246753246753247	0.6761046991003175	Cellular Response To Cytokine Stimulus	Cellular Response To Cytokine Stimulus
GO_Biological_Process_2023	Proteasome-Mediated Ubiquitin-Dependent Protein Catabolic Process (GO:0043161)	1/319	0.2143651295055344	0.2170672109698898	0	0	4.417565139263252	6.803379446237624	MDM2	1	319	0.003134796238244514	0.6634057738293504	Proteasome-Mediated Ubiquitin-Dependent Protein Catabolic Process	"Proteasome-Mediated Ubiquitin-Dependent
Protein Catabolic Process"
GO_Biological_Process_2023	Positive Regulation Of Cytokine Production (GO:0001819)	1/320	0.214963905332416	0.2172171957447055	0	0	4.403493058665473	6.769424474545983	BRCA1	1	320	0.003125	0.6631057973086437	Positive Regulation Of Cytokine Production	Positive Regulation Of Cytokine Production
GO_Biological_Process_2023	Protein Localization (GO:0008104)	1/351	0.2333160698093289	0.2352685055399509	0	0	4.007142857142857	5.831840324800821	TP53	1	351	0.002849002849002849	0.6284362062097418	Protein Localization	Protein Localization
GO_Biological_Process_2023	Ubiquitin-Dependent Protein Catabolic Process (GO:0006511)	1/367	0.2426307214921981	0.2441503293512307	0	0	3.828844652615144	5.422465913133	MDM2	1	367	0.0027247956403269754	0.6123426855296605	Ubiquitin-Dependent Protein Catabolic Process	Ubiquitin-Dependent Protein Catabolic Process
GO_Biological_Process_2023	Cellular Response To Oxygen-Containing Compound (GO:1901701)	1/406	0.2648945634366794	0.2659982907843322	0	0	3.45326278659612	4.587395112757367	ATM	1	406	0.0024630541871921183	0.5751211539904285	Cellular Response To Oxygen-Containing Compound	"Cellular Response To Oxygen-Containing
Compound"
GO_Biological_Process_2023	Organelle Organization (GO:0006996)	1/418	0.271621108725365	0.2721858095751059	0	0	3.3518328194587186	4.36860180754066	RB1	1	418	0.0023923444976076554	0.5651345205135591	Organelle Organization	Organelle Organization
GO_Biological_Process_2023	Regulation Of Cell Migration (GO:0030334)	1/434	0.280500497295723	0.280500497295723	0	0	3.2253381722203893	4.09998467183554	ATM	1	434	0.002304147465437788	0.5520663644520375	Regulation Of Cell Migration	Regulation Of Cell Migration
