query_keyword	lab_name	pi_name	institution_name	institution_type	city	country_code	institution_homepage	orcid	lab_type	research_summary	main_methods	main_topics	matched_keyword_terms	top_topics	topic_share	overall_cited_by_count	overall_works_count	publications_last_10y	publications_last_5y	publications_last_3y	keyword_relevant_papers_last_10y	keyword_relevant_papers_last_5y	keyword_relevant_papers_last_3y	publication_year_distribution_last_10y	representative_papers_overall_10y	representative_keyword_relevant_papers	recent_papers_last_5y	query_relevant_works_count	query_total_citations_from_relevant_works	first_last_author_count	last_author_count	first_author_count	works_count_total	cited_by_count_total	relevance_score	source_summary	openalex_author_id	institution_openalex_id	institution_ror	representative_papers_overall_10y_dois	representative_keyword_relevant_papers_dois	recent_papers_last_5y_dois
CRISPR	Feng Zhang Lab	Feng Zhang	Broad Institute	nonprofit	Cambridge	US	http://www.broadinstitute.org/	https://orcid.org/0000-0003-0178-7995	experimental	Relevant to CRISPR. Overall impact: 130793 total citations and 287 total works in OpenAlex. Recent output: 146 papers in last 10 years, 63 in last 5 years, 32 in last 3 years. Keyword-relevant output: 144 papers in last 10 years and 63 in last 5 years. PI-like authorship evidence: last-author=7, first/last-author=7. Likely strengths include crispr; single-cell; spatial; transcriptomics; screen. Main topical areas include immunity; development; evolution; genome editing.	crispr; single-cell; spatial; transcriptomics; screen	immunity; development; evolution; genome editing	crispr	CRISPR and Genetic Engineering; RNA and protein synthesis mechanisms; Advanced biosensing and bioanalysis techniques; RNA regulation and disease; RNA Interference and Gene Delivery	CRISPR and Genetic Engineering; RNA regulation and disease; RNA and protein synthesis mechanisms; Advanced biosensing and bioanalysis techniques; Single-cell and spatial transcriptomics	130793	287	146	63	32	144	63	32	2025:19; 2024:13; 2023:19; 2022:12; 2021:11; 2020:9; 2019:18; 2018:10; 2017:35	Nucleic acid detection with CRISPR-Cas13a/C2c2 [2017; cites=3666; doi=https://doi.org/10.1126/science.aam9321] | Multiplexed and portable nucleic acid detection platform with Cas13, Cas12a, and Csm6 [2018; cites=2539; doi=https://doi.org/10.1126/science.aaq0179] | Evolutionary classification of CRISPR–Cas systems: a burst of class 2 and derived variants [2019; cites=2403; doi=https://doi.org/10.1038/s41579-019-0299-x] | RNA targeting with CRISPR–Cas13 [2017; cites=2061; doi=https://doi.org/10.1038/nature24049] | RNA editing with CRISPR-Cas13 [2017; cites=1776; doi=https://doi.org/10.1126/science.aaq0180]	Nucleic acid detection with CRISPR-Cas13a/C2c2 [2017; cites=3666; doi=https://doi.org/10.1126/science.aam9321] | RNA editing with CRISPR-Cas13 [2017; cites=1776; doi=https://doi.org/10.1126/science.aaq0180] | Evolutionary classification of CRISPR–Cas systems: a burst of class 2 and derived variants [2019; cites=2403; doi=https://doi.org/10.1038/s41579-019-0299-x] | RNA targeting with CRISPR–Cas13 [2017; cites=2061; doi=https://doi.org/10.1038/nature24049] | SHERLOCK: nucleic acid detection with CRISPR nucleases [2019; cites=1534; doi=https://doi.org/10.1038/s41596-019-0210-2]	TIGR-Tas: A family of modular RNA-guided DNA-targeting systems in prokaryotes and their viruses [2025; cites=32; doi=https://doi.org/10.1126/science.adv9789] | Rational engineering of minimally immunogenic nucleases for gene therapy [2025; cites=32; doi=https://doi.org/10.1038/s41467-024-55522-1] | An updated evolutionary classification of CRISPR–Cas systems including rare variants [2025; cites=24; doi=https://doi.org/10.1038/s41564-025-02180-8] | Evolution-guided protein design of IscB for persistent epigenome editing in vivo [2025; cites=23; doi=https://doi.org/10.1038/s41587-025-02655-3] | A synthetic transcription cascade enables direct in planta shoot regeneration for transgenesis and gene editing in multiple plants [2025; cites=10; doi=https://doi.org/10.1016/j.molp.2025.09.017]	15	24593	7	7	0	287	130793	311.383	OpenAlex works + authors + institutions	https://openalex.org/A5100401298	https://openalex.org/I107606265	https://ror.org/05a0ya142	https://doi.org/10.1126/science.aam9321;https://doi.org/10.1126/science.aaq0179;https://doi.org/10.1038/s41579-019-0299-x;https://doi.org/10.1038/nature24049;https://doi.org/10.1126/science.aaq0180	https://doi.org/10.1126/science.aam9321;https://doi.org/10.1126/science.aaq0180;https://doi.org/10.1038/s41579-019-0299-x;https://doi.org/10.1038/nature24049;https://doi.org/10.1038/s41596-019-0210-2	https://doi.org/10.1126/science.adv9789;https://doi.org/10.1038/s41467-024-55522-1;https://doi.org/10.1038/s41564-025-02180-8;https://doi.org/10.1038/s41587-025-02655-3;https://doi.org/10.1016/j.molp.2025.09.017
CRISPR	Jennifer A. Doudna Lab	Jennifer A. Doudna	University of California, Berkeley	education	Berkeley	US	https://www.berkeley.edu	https://orcid.org/0000-0001-9161-999X	experimental	Relevant to CRISPR. Overall impact: 116898 total citations and 667 total works in OpenAlex. Recent output: 272 papers in last 10 years, 131 in last 5 years, 70 in last 3 years. Keyword-relevant output: 263 papers in last 10 years and 129 in last 5 years. PI-like authorship evidence: last-author=8, first/last-author=10. Likely strengths include crispr; genomics; imaging. Main topical areas include cancer; immunity; development; evolution; functional genomics; genome editing.	crispr; genomics; imaging	cancer; immunity; development; evolution; functional genomics; genome editing	crispr	CRISPR and Genetic Engineering; RNA and protein synthesis mechanisms; RNA Research and Splicing; RNA modifications and cancer; Advanced biosensing and bioanalysis techniques	CRISPR and Genetic Engineering; RNA and protein synthesis mechanisms; Insect symbiosis and bacterial influences; SARS-CoV-2 detection and testing; RNA Research and Splicing	116898	667	272	131	70	263	129	70	2026:2; 2025:31; 2024:37; 2023:31; 2022:30; 2021:35; 2020:28; 2019:21; 2018:20; 2017:37	CRISPR-Cas12a target binding unleashes indiscriminate single-stranded DNase activity [2018; cites=4179; doi=https://doi.org/10.1126/science.aar6245] | CRISPR–Cas9 Structures and Mechanisms [2017; cites=2014; doi=https://doi.org/10.1146/annurev-biophys-062215-010822] | CRISPR-Cas guides the future of genetic engineering [2018; cites=1421; doi=https://doi.org/10.1126/science.aat5011] | Programmed DNA destruction by miniature CRISPR-Cas14 enzymes [2018; cites=1203; doi=https://doi.org/10.1126/science.aav4294] | Enhanced proofreading governs CRISPR–Cas9 targeting accuracy [2017; cites=1202; doi=https://doi.org/10.1038/nature24268]	CRISPR technology: A decade of genome editing is only the beginning [2023; cites=961; doi=https://doi.org/10.1126/science.add8643] | CRISPR-Cas12a target binding unleashes indiscriminate single-stranded DNase activity [2018; cites=4179; doi=https://doi.org/10.1126/science.aar6245] | CRISPR–Cas9 Structures and Mechanisms [2017; cites=2014; doi=https://doi.org/10.1146/annurev-biophys-062215-010822] | CRISPR-Cas guides the future of genetic engineering [2018; cites=1421; doi=https://doi.org/10.1126/science.aat5011] | Programmed DNA destruction by miniature CRISPR-Cas14 enzymes [2018; cites=1203; doi=https://doi.org/10.1126/science.aav4294]	Identification of proteins influencing CRISPR-associated transposases for enhanced genome editing [2026; cites=2; doi=https://doi.org/10.1126/sciadv.aea1429] | Efficient transgene-free multiplexed germline editing via viral delivery of an engineered TnpB [2026; cites=1; doi=https://doi.org/10.64898/2026.01.23.700382] | Viral delivery of an RNA-guided genome editor for transgene-free germline editing in Arabidopsis [2025; cites=63; doi=https://doi.org/10.1038/s41477-025-01989-9] | Single-molecule live-cell RNA imaging with CRISPR–Csm [2025; cites=30; doi=https://doi.org/10.1038/s41587-024-02540-5] | An updated evolutionary classification of CRISPR–Cas systems including rare variants [2025; cites=24; doi=https://doi.org/10.1038/s41564-025-02180-8]	11	16322	10	8	2	667	116898	259.741	OpenAlex works + authors + institutions	https://openalex.org/A5067184382	https://openalex.org/I95457486	https://ror.org/01an7q238	https://doi.org/10.1126/science.aar6245;https://doi.org/10.1146/annurev-biophys-062215-010822;https://doi.org/10.1126/science.aat5011;https://doi.org/10.1126/science.aav4294;https://doi.org/10.1038/nature24268	https://doi.org/10.1126/science.add8643;https://doi.org/10.1126/science.aar6245;https://doi.org/10.1146/annurev-biophys-062215-010822;https://doi.org/10.1126/science.aat5011;https://doi.org/10.1126/science.aav4294	https://doi.org/10.1126/sciadv.aea1429;https://doi.org/10.64898/2026.01.23.700382;https://doi.org/10.1038/s41477-025-01989-9;https://doi.org/10.1038/s41587-024-02540-5;https://doi.org/10.1038/s41564-025-02180-8
CRISPR	Róbert Langer Lab	Róbert Langer	Massachusetts Institute of Technology	education	Cambridge	US	https://web.mit.edu	https://orcid.org/0000-0003-4255-0492	experimental	Relevant to CRISPR. Overall impact: 293884 total citations and 1955 total works in OpenAlex. Recent output: 395 papers in last 10 years, 154 in last 5 years, 73 in last 3 years. Keyword-relevant output: 351 papers in last 10 years and 151 in last 5 years. PI-like authorship evidence: last-author=2, first/last-author=2. Likely strengths include crispr. Main topical areas include cancer; development; genome editing.	crispr	cancer; development; genome editing		RNA Interference and Gene Delivery; 3D Printing in Biomedical Research; Electrospun Nanofibers in Biomedical Applications; Advanced biosensing and bioanalysis techniques; Advanced Drug Delivery Systems	Advanced Drug Delivery Systems; 3D Printing in Biomedical Research; Advancements in Transdermal Drug Delivery; Nanoparticle-Based Drug Delivery; Hydrogels: synthesis, properties, applications	293884	1955	395	154	73	351	151	73	2025:45; 2024:28; 2023:58; 2022:23; 2021:29; 2020:55; 2019:41; 2018:50; 2017:66	Engineering precision nanoparticles for drug delivery [2020; cites=7002; doi=https://doi.org/10.1038/s41573-020-0090-8] | Lipid nanoparticles for mRNA delivery [2021; cites=3364; doi=https://doi.org/10.1038/s41578-021-00358-0] | Delivery technologies for cancer immunotherapy [2019; cites=2561; doi=https://doi.org/10.1038/s41573-018-0006-z] | Advances in oligonucleotide drug delivery [2020; cites=1902; doi=https://doi.org/10.1038/s41573-020-0075-7] | Bioplastics for a circular economy [2022; cites=1884; doi=https://doi.org/10.1038/s41578-021-00407-8]	Altered DNA repair pathway engagement by engineered CRISPR-Cas9 nucleases [2023; cites=35; doi=https://doi.org/10.1073/pnas.2300605120] | Delivery of Tissue-Targeted Scalpels: Opportunities and Challenges for <i>In Vivo</i> CRISPR/Cas-Based Genome Editing [2020; cites=117; doi=https://doi.org/10.1021/acsnano.0c04707] | Engineering precision nanoparticles for drug delivery [2020; cites=7002; doi=https://doi.org/10.1038/s41573-020-0090-8] | Lipid nanoparticles for mRNA delivery [2021; cites=3364; doi=https://doi.org/10.1038/s41578-021-00358-0] | Delivery technologies for cancer immunotherapy [2019; cites=2561; doi=https://doi.org/10.1038/s41573-018-0006-z]	Enhancing immunotherapy with tumour-responsive nanomaterials [2025; cites=79; doi=https://doi.org/10.1038/s41571-025-01000-6] | Boosting hydrogel conductivity via water-dispersible conducting polymers for injectable bioelectronics [2025; cites=48; doi=https://doi.org/10.1038/s41467-025-59045-1] | On-patient medical record and mRNA therapeutics using intradermal microneedles [2025; cites=29; doi=https://doi.org/10.1038/s41563-024-02115-4] | An electroadhesive hydrogel interface prolongs porcine gastrointestinal mucosal theranostics [2025; cites=26; doi=https://doi.org/10.1126/scitranslmed.adq1975] | Voices of Nanomedicine: Blueprint Guidelines for Collaboration in Addressing Global Unmet Medical Needs [2025; cites=15; doi=https://doi.org/10.1021/acsnano.4c13513]	6	18333	2	2	0	1955	293884	173.906	OpenAlex works + authors + institutions	https://openalex.org/A5042597057	https://openalex.org/I63966007	https://ror.org/042nb2s44	https://doi.org/10.1038/s41573-020-0090-8;https://doi.org/10.1038/s41578-021-00358-0;https://doi.org/10.1038/s41573-018-0006-z;https://doi.org/10.1038/s41573-020-0075-7;https://doi.org/10.1038/s41578-021-00407-8	https://doi.org/10.1073/pnas.2300605120;https://doi.org/10.1021/acsnano.0c04707;https://doi.org/10.1038/s41573-020-0090-8;https://doi.org/10.1038/s41578-021-00358-0;https://doi.org/10.1038/s41573-018-0006-z	https://doi.org/10.1038/s41571-025-01000-6;https://doi.org/10.1038/s41467-025-59045-1;https://doi.org/10.1038/s41563-024-02115-4;https://doi.org/10.1126/scitranslmed.adq1975;https://doi.org/10.1021/acsnano.4c13513
CRISPR	Eugene V. Koonin Lab	Eugene V. Koonin	National Center for Biotechnology Information	facility	Bethesda	US	http://www.ncbi.nlm.nih.gov/	https://orcid.org/0000-0003-3943-8299	experimental	Relevant to CRISPR. Overall impact: 206453 total citations and 1391 total works in OpenAlex. Recent output: 441 papers in last 10 years, 185 in last 5 years, 91 in last 3 years. Keyword-relevant output: 413 papers in last 10 years and 180 in last 5 years. PI-like authorship evidence: last-author=3, first/last-author=4. Likely strengths include crispr; genomics. Main topical areas include immunity; evolution; genome editing.	crispr; genomics	immunity; evolution; genome editing	crispr	Genomics and Phylogenetic Studies; Bacteriophages and microbial interactions; RNA and protein synthesis mechanisms; Plant Virus Research Studies; CRISPR and Genetic Engineering	Evolution and Genetic Dynamics; Genomics and Phylogenetic Studies; Bacteriophages and microbial interactions; Plant and Fungal Interactions Research; Plant Virus Research Studies	206453	1391	441	185	91	413	180	91	2025:39; 2024:52; 2023:42; 2022:52; 2021:62; 2020:60; 2019:42; 2018:38; 2017:54	Nucleic acid detection with CRISPR-Cas13a/C2c2 [2017; cites=3666; doi=https://doi.org/10.1126/science.aam9321] | Evolutionary classification of CRISPR–Cas systems: a burst of class 2 and derived variants [2019; cites=2403; doi=https://doi.org/10.1038/s41579-019-0299-x] | Diversity, classification and evolution of CRISPR-Cas systems [2017; cites=1412; doi=https://doi.org/10.1016/j.mib.2017.05.008] | Diversity and evolution of class 2 CRISPR–Cas systems [2017; cites=1058; doi=https://doi.org/10.1038/nrmicro.2016.184] | COG database update: focus on microbial diversity, model organisms, and widespread pathogens [2020; cites=965; doi=https://doi.org/10.1093/nar/gkaa1018]	Nucleic acid detection with CRISPR-Cas13a/C2c2 [2017; cites=3666; doi=https://doi.org/10.1126/science.aam9321] | Evolutionary classification of CRISPR–Cas systems: a burst of class 2 and derived variants [2019; cites=2403; doi=https://doi.org/10.1038/s41579-019-0299-x] | Diversity, classification and evolution of CRISPR-Cas systems [2017; cites=1412; doi=https://doi.org/10.1016/j.mib.2017.05.008] | Diversity and evolution of class 2 CRISPR–Cas systems [2017; cites=1058; doi=https://doi.org/10.1038/nrmicro.2016.184] | RNA-guided DNA insertion with CRISPR-associated transposases [2019; cites=683; doi=https://doi.org/10.1126/science.aax9181]	TIGR-Tas: A family of modular RNA-guided DNA-targeting systems in prokaryotes and their viruses [2025; cites=32; doi=https://doi.org/10.1126/science.adv9789] | Reprogrammable RNA-targeting CRISPR systems evolved from RNA toxin-antitoxins [2025; cites=29; doi=https://doi.org/10.1016/j.cell.2025.01.034] | The hidden bacterial microproteome [2025; cites=28; doi=https://doi.org/10.1016/j.molcel.2025.01.025] | An updated evolutionary classification of CRISPR–Cas systems including rare variants [2025; cites=24; doi=https://doi.org/10.1038/s41564-025-02180-8] | Jumbo phage killer immune system targets early infection of nucleus-forming phages [2025; cites=20; doi=https://doi.org/10.1016/j.cell.2025.02.016]	5	9504	4	3	1	1391	206453	170.423	OpenAlex works + authors + institutions	https://openalex.org/A5035240489	https://openalex.org/I4210109390	https://ror.org/02meqm098	https://doi.org/10.1126/science.aam9321;https://doi.org/10.1038/s41579-019-0299-x;https://doi.org/10.1016/j.mib.2017.05.008;https://doi.org/10.1038/nrmicro.2016.184;https://doi.org/10.1093/nar/gkaa1018	https://doi.org/10.1126/science.aam9321;https://doi.org/10.1038/s41579-019-0299-x;https://doi.org/10.1016/j.mib.2017.05.008;https://doi.org/10.1038/nrmicro.2016.184;https://doi.org/10.1126/science.aax9181	https://doi.org/10.1126/science.adv9789;https://doi.org/10.1016/j.cell.2025.01.034;https://doi.org/10.1016/j.molcel.2025.01.025;https://doi.org/10.1038/s41564-025-02180-8;https://doi.org/10.1016/j.cell.2025.02.016
CRISPR	James J. Collins Lab	James J. Collins	Broad Institute	nonprofit	Cambridge	US	http://www.broadinstitute.org/	https://orcid.org/0000-0002-5560-8246	hybrid	Relevant to CRISPR. Overall impact: 112389 total citations and 587 total works in OpenAlex. Recent output: 164 papers in last 10 years, 68 in last 5 years, 24 in last 3 years. Keyword-relevant output: 153 papers in last 10 years and 65 in last 5 years. PI-like authorship evidence: last-author=2, first/last-author=2. Likely strengths include crispr; single-cell; spatial; transcriptomics; machine learning; deep learning. Main topical areas include development.	crispr; single-cell; spatial; transcriptomics; machine learning; deep learning	development	crispr	CRISPR and Genetic Engineering; Gene Regulatory Network Analysis; Bacterial Genetics and Biotechnology; RNA and protein synthesis mechanisms; Bioinformatics and Genomic Networks	Gene Regulatory Network Analysis; stochastic dynamics and bifurcation; CRISPR and Genetic Engineering; Single-cell and spatial transcriptomics; Bioinformatics and Genomic Networks	112389	587	164	68	24	153	65	24	2025:11; 2024:13; 2023:23; 2022:21; 2021:16; 2020:19; 2019:18; 2018:24; 2017:19	Nucleic acid detection with CRISPR-Cas13a/C2c2 [2017; cites=3666; doi=https://doi.org/10.1126/science.aam9321] | Multiplexed and portable nucleic acid detection platform with Cas13, Cas12a, and Csm6 [2018; cites=2539; doi=https://doi.org/10.1126/science.aaq0179] | A Deep Learning Approach to Antibiotic Discovery [2020; cites=2077; doi=https://doi.org/10.1016/j.cell.2020.01.021] | Definitions and guidelines for research on antibiotic persistence [2019; cites=1212; doi=https://doi.org/10.1038/s41579-019-0196-3] | CRISPR-based diagnostics [2021; cites=1154; doi=https://doi.org/10.1038/s41551-021-00760-7]	Nucleic acid detection with CRISPR-Cas13a/C2c2 [2017; cites=3666; doi=https://doi.org/10.1126/science.aam9321] | CRISPR-based diagnostics [2021; cites=1154; doi=https://doi.org/10.1038/s41551-021-00760-7] | Multiplexed and portable nucleic acid detection platform with Cas13, Cas12a, and Csm6 [2018; cites=2539; doi=https://doi.org/10.1126/science.aaq0179] | Programmable CRISPR-responsive smart materials [2019; cites=342; doi=https://doi.org/10.1126/science.aaw5122] | Minimally instrumented SHERLOCK (miSHERLOCK) for CRISPR-based point-of-care diagnosis of SARS-CoV-2 and emerging variants [2021; cites=316; doi=https://doi.org/10.1126/sciadv.abh2944]	Engineering synthetic phosphorylation signaling networks in human cells [2025; cites=24; doi=https://doi.org/10.1126/science.adm8485] | Active learning framework leveraging transcriptomics identifies modulators of disease phenotypes [2025; cites=11; doi=https://doi.org/10.1126/science.adi8577] | Optogenetics-enabled discovery of integrated stress response modulators [2025; cites=11; doi=https://doi.org/10.1016/j.cell.2025.06.024] | Essay: Using Machine Learning for Antibiotic Discovery [2025; cites=6; doi=https://doi.org/10.1103/y3fg-s9vg] | Mitigating antimicrobial resistance by innovative solutions in AI (MARISA): a modified James Lind Alliance analysis [2025; cites=5; doi=https://doi.org/10.1038/s44259-025-00150-y]	5	9598	2	2	0	587	112389	124.898	OpenAlex works + authors + institutions	https://openalex.org/A5065209470	https://openalex.org/I107606265	https://ror.org/05a0ya142	https://doi.org/10.1126/science.aam9321;https://doi.org/10.1126/science.aaq0179;https://doi.org/10.1016/j.cell.2020.01.021;https://doi.org/10.1038/s41579-019-0196-3;https://doi.org/10.1038/s41551-021-00760-7	https://doi.org/10.1126/science.aam9321;https://doi.org/10.1038/s41551-021-00760-7;https://doi.org/10.1126/science.aaq0179;https://doi.org/10.1126/science.aaw5122;https://doi.org/10.1126/sciadv.abh2944	https://doi.org/10.1126/science.adm8485;https://doi.org/10.1126/science.adi8577;https://doi.org/10.1016/j.cell.2025.06.024;https://doi.org/10.1103/y3fg-s9vg;https://doi.org/10.1038/s44259-025-00150-y
CRISPR	David R. Liu Lab	David R. Liu	Broad Institute	nonprofit	Cambridge	US	http://www.broadinstitute.org/	https://orcid.org/0000-0002-9943-7557	experimental	Relevant to CRISPR. Overall impact: 76774 total citations and 374 total works in OpenAlex. Recent output: 195 papers in last 10 years, 105 in last 5 years, 49 in last 3 years. Keyword-relevant output: 191 papers in last 10 years and 103 in last 5 years. PI-like authorship evidence: last-author=5, first/last-author=5. Likely strengths include crispr; single cell; screen; sequencing. Main topical areas include evolution; genome editing.	crispr; single cell; screen; sequencing	evolution; genome editing	crispr	CRISPR and Genetic Engineering; RNA and protein synthesis mechanisms; Advanced biosensing and bioanalysis techniques; RNA regulation and disease; Virus-based gene therapy research	CRISPR and Genetic Engineering; RNA regulation and disease; RNA and protein synthesis mechanisms; Advanced biosensing and bioanalysis techniques; Biochemical and Structural Characterization	76774	374	195	105	49	191	103	49	2026:1; 2025:27; 2024:21; 2023:27; 2022:29; 2021:21; 2020:25; 2019:16; 2018:15; 2017:13	Search-and-replace genome editing without double-strand breaks or donor DNA [2019; cites=4460; doi=https://doi.org/10.1038/s41586-019-1711-4] | Programmable base editing of A•T to G•C in genomic DNA without DNA cleavage [2017; cites=4075; doi=https://doi.org/10.1038/nature24644] | Genome editing with CRISPR–Cas nucleases, base editors, transposases and prime editors [2020; cites=2217; doi=https://doi.org/10.1038/s41587-020-0561-9] | Base editing: precision chemistry on the genome and transcriptome of living cells [2018; cites=1654; doi=https://doi.org/10.1038/s41576-018-0059-1] | Evolved Cas9 variants with broad PAM compatibility and high DNA specificity [2018; cites=1584; doi=https://doi.org/10.1038/nature26155]	Genome editing with CRISPR–Cas nucleases, base editors, transposases and prime editors [2020; cites=2217; doi=https://doi.org/10.1038/s41587-020-0561-9] | A bacterial cytidine deaminase toxin enables CRISPR-free mitochondrial base editing [2020; cites=696; doi=https://doi.org/10.1038/s41586-020-2477-4] | Enhanced prime editing systems by manipulating cellular determinants of editing outcomes [2021; cites=761; doi=https://doi.org/10.1016/j.cell.2021.09.018] | Predictable and precise template-free CRISPR editing of pathogenic variants [2018; cites=617; doi=https://doi.org/10.1038/s41586-018-0686-x] | Search-and-replace genome editing without double-strand breaks or donor DNA [2019; cites=4460; doi=https://doi.org/10.1038/s41586-019-1711-4]	P-2026. Quality Improvement Initiative to Safely Reduce Follow-up Blood Cultures through Diagnostic Stewardship During a National Blood Culture Bottle Shortage [2026; cites=0; doi=https://doi.org/10.1093/ofid/ofaf695.2190] | Programmable gene insertion in human cells with a laboratory-evolved CRISPR-associated transposase [2025; cites=53; doi=https://doi.org/10.1126/science.adt5199] | Self-assembling protein nanoparticles for cytosolic delivery of nucleic acids and proteins [2025; cites=30; doi=https://doi.org/10.1038/s41587-025-02664-2] | In vivo base editing extends lifespan of a humanized mouse model of prion disease [2025; cites=29; doi=https://doi.org/10.1038/s41591-024-03466-w] | In vivo prime editing rescues alternating hemiplegia of childhood in mice [2025; cites=22; doi=https://doi.org/10.1016/j.cell.2025.06.038]	6	11072	5	5	0	374	76774	123.381	OpenAlex works + authors + institutions	https://openalex.org/A5065535610	https://openalex.org/I107606265	https://ror.org/05a0ya142	https://doi.org/10.1038/s41586-019-1711-4;https://doi.org/10.1038/nature24644;https://doi.org/10.1038/s41587-020-0561-9;https://doi.org/10.1038/s41576-018-0059-1;https://doi.org/10.1038/nature26155	https://doi.org/10.1038/s41587-020-0561-9;https://doi.org/10.1038/s41586-020-2477-4;https://doi.org/10.1016/j.cell.2021.09.018;https://doi.org/10.1038/s41586-018-0686-x;https://doi.org/10.1038/s41586-019-1711-4	https://doi.org/10.1093/ofid/ofaf695.2190;https://doi.org/10.1126/science.adt5199;https://doi.org/10.1038/s41587-025-02664-2;https://doi.org/10.1038/s41591-024-03466-w;https://doi.org/10.1016/j.cell.2025.06.038
CRISPR	John G. Doench Lab	John G. Doench	Broad Institute	nonprofit	Cambridge	US	http://www.broadinstitute.org/	https://orcid.org/0000-0002-3707-9889	hybrid	Relevant to CRISPR. Overall impact: 43949 total citations and 727 total works in OpenAlex. Recent output: 500 papers in last 10 years, 423 in last 5 years, 202 in last 3 years. Keyword-relevant output: 493 papers in last 10 years and 420 in last 5 years. PI-like authorship evidence: last-author=2, first/last-author=2. Likely strengths include crispr; single-cell; genomics; screen; imaging; sequencing. Main topical areas include cancer; immunity; epigenetics; development; functional genomics.	crispr; single-cell; genomics; screen; imaging; sequencing	cancer; immunity; epigenetics; development; functional genomics	crispr	Epigenetics and DNA Methylation; CRISPR and Genetic Engineering; CAR-T cell therapy research; Histone Deacetylase Inhibitors Research; Cancer Genomics and Diagnostics	Histone Deacetylase Inhibitors Research; Epigenetics and DNA Methylation; CAR-T cell therapy research; Chromatin Remodeling and Cancer; CRISPR and Genetic Engineering	43949	727	500	423	202	493	420	202	2026:1; 2025:101; 2024:100; 2023:181; 2022:40; 2021:22; 2020:32; 2019:23	Cytochrome P450 oxidoreductase contributes tophospholipid peroxidation in ferroptosis [2020; cites=686; doi=https://doi.org/10.1038/s41589-020-0472-6] | Targeting REGNASE-1 programs long-lived effector T cells for cancer therapy [2019; cites=417; doi=https://doi.org/10.1038/s41586-019-1821-z] | Control of gasdermin D oligomerization and pyroptosis by the Ragulator-Rag-mTORC1 pathway [2021; cites=394; doi=https://doi.org/10.1016/j.cell.2021.06.028] | Intercellular Mitochondria Transfer to Macrophages Regulates White Adipose Tissue Homeostasis and Is Impaired in Obesity [2020; cites=360; doi=https://doi.org/10.1016/j.cmet.2020.11.008] | Epigenetic silencing by SETDB1 suppresses tumour intrinsic immunogenicity [2021; cites=342; doi=https://doi.org/10.1038/s41586-021-03520-4]	Agreement between two large pan-cancer CRISPR-Cas9 gene dependency data sets [2019; cites=279; doi=https://doi.org/10.1038/s41467-019-13805-y] | Multi-locus CRISPRi targeting with a single truncated guide RNA [2025; cites=4; doi=https://doi.org/10.1038/s41467-025-56144-x] | Balancing off-target and on-target considerations for optimized Cas9 CRISPR knockout library design [2025; cites=2; doi=https://doi.org/10.1101/2025.08.26.672375] | Efficient gene knockout and genetic interaction screening using the in4mer CRISPR/Cas12a multiplex knockout platform [2024; cites=61; doi=https://doi.org/10.1038/s41467-024-47795-3] | Leukemia-intrinsic determinants of CAR-T response revealed by iterative in vivo genome-wide CRISPR screening [2023; cites=23; doi=https://doi.org/10.1038/s41467-023-43790-2]	Abstract PR010: Deciphering the mechanistic basis of HIFα paralog target selectivity in kidney cancer [2026; cites=0; doi=https://doi.org/10.1158/1538-7445.kidney26-pr010] | In vivo CRISPR screens identify modifiers of CAR T cell function in myeloma [2025; cites=9; doi=https://doi.org/10.1038/s41586-025-09489-8] | A STUB1–CHIC2 complex inhibits CD8+ T cells to restrain tumor immunity [2025; cites=8; doi=https://doi.org/10.1038/s41590-025-02231-6] | VPS18 contributes to phagosome membrane integrity in <i>Mycobacterium tuberculosis</i> –infected macrophages [2025; cites=6; doi=https://doi.org/10.1126/sciadv.adr6166] | Requirement for Cyclin D1 Underlies Cell-Autonomous HIF2 Dependence in Kidney Cancer [2025; cites=4; doi=https://doi.org/10.1158/2159-8290.cd-24-1378]	6	6106	2	2	0	727	43949	119.765	OpenAlex works + authors + institutions	https://openalex.org/A5051881453	https://openalex.org/I107606265	https://ror.org/05a0ya142	https://doi.org/10.1038/s41589-020-0472-6;https://doi.org/10.1038/s41586-019-1821-z;https://doi.org/10.1016/j.cell.2021.06.028;https://doi.org/10.1016/j.cmet.2020.11.008;https://doi.org/10.1038/s41586-021-03520-4	https://doi.org/10.1038/s41467-019-13805-y;https://doi.org/10.1038/s41467-025-56144-x;https://doi.org/10.1101/2025.08.26.672375;https://doi.org/10.1038/s41467-024-47795-3;https://doi.org/10.1038/s41467-023-43790-2	https://doi.org/10.1158/1538-7445.kidney26-pr010;https://doi.org/10.1038/s41586-025-09489-8;https://doi.org/10.1038/s41590-025-02231-6;https://doi.org/10.1126/sciadv.adr6166;https://doi.org/10.1158/2159-8290.cd-24-1378
CRISPR	Janice S. Chen Lab	Janice S. Chen	University of California, Berkeley	education	Berkeley	US	https://www.berkeley.edu	https://orcid.org/0000-0003-4797-3056	experimental	Relevant to CRISPR. Overall impact: 12344 total citations and 41 total works in OpenAlex. Recent output: 34 papers in last 10 years, 5 in last 5 years, 2 in last 3 years. Keyword-relevant output: 33 papers in last 10 years and 4 in last 5 years. PI-like authorship evidence: last-author=0, first/last-author=3. Likely strengths include crispr; sequencing. Main topical areas include immunity; development; evolution; genome editing.	crispr; sequencing	immunity; development; evolution; genome editing	crispr	CRISPR and Genetic Engineering; Advanced biosensing and bioanalysis techniques; RNA and protein synthesis mechanisms; RNA Interference and Gene Delivery; SARS-CoV-2 detection and testing	CRISPR and Genetic Engineering; SARS-CoV-2 detection and testing; Insect symbiosis and bacterial influences; Advanced biosensing and bioanalysis techniques; Genetics, Aging, and Longevity in Model Organisms	12344	41	34	5	2	33	4	2	2025:1; 2024:1; 2022:3; 2021:4; 2020:7; 2019:3; 2018:5; 2017:10	CRISPR-Cas12a target binding unleashes indiscriminate single-stranded DNase activity [2018; cites=4179; doi=https://doi.org/10.1126/science.aar6245] | CRISPR–Cas12-based detection of SARS-CoV-2 [2020; cites=2720; doi=https://doi.org/10.1038/s41587-020-0513-4] | Programmed DNA destruction by miniature CRISPR-Cas14 enzymes [2018; cites=1203; doi=https://doi.org/10.1126/science.aav4294] | Enhanced proofreading governs CRISPR–Cas9 targeting accuracy [2017; cites=1202; doi=https://doi.org/10.1038/nature24268] | A conformational checkpoint between DNA binding and cleavage by CRISPR-Cas9 [2017; cites=301; doi=https://doi.org/10.1126/sciadv.aao0027]	CRISPR-Cas12a target binding unleashes indiscriminate single-stranded DNase activity [2018; cites=4179; doi=https://doi.org/10.1126/science.aar6245] | Programmed DNA destruction by miniature CRISPR-Cas14 enzymes [2018; cites=1203; doi=https://doi.org/10.1126/science.aav4294] | CRISPR–Cas12-based detection of SARS-CoV-2 [2020; cites=2720; doi=https://doi.org/10.1038/s41587-020-0513-4] | Enhanced proofreading governs CRISPR–Cas9 targeting accuracy [2017; cites=1202; doi=https://doi.org/10.1038/nature24268] | CRISPR: fundamental principles and implications for anaesthesia [2025; cites=0; doi=https://doi.org/10.1016/j.bja.2024.11.040]	CRISPR: fundamental principles and implications for anaesthesia [2025; cites=0; doi=https://doi.org/10.1016/j.bja.2024.11.040] | Opportunities and challenges for innovative and equitable healthcare [2024; cites=8; doi=https://doi.org/10.1038/d41573-024-00032-4] | COVID-19 Variant Detection with a High-Fidelity CRISPR-Cas12 Enzyme [2022; cites=42; doi=https://doi.org/10.1128/jcm.00261-22] | Pneumatic controlled nanosieve for efficient capture and release of nanoparticles [2022; cites=3; doi=https://doi.org/10.1116/6.0002107] | Pneumatic Controlled Nano-Sieve for Efficient Capture and Release of Nanoparticles [2022; cites=0; doi=https://doi.org/10.1101/2022.09.30.510404]	6	11709	3	0	3	41	12344	117.32	OpenAlex works + authors + institutions	https://openalex.org/A5016109748	https://openalex.org/I95457486	https://ror.org/01an7q238	https://doi.org/10.1126/science.aar6245;https://doi.org/10.1038/s41587-020-0513-4;https://doi.org/10.1126/science.aav4294;https://doi.org/10.1038/nature24268;https://doi.org/10.1126/sciadv.aao0027	https://doi.org/10.1126/science.aar6245;https://doi.org/10.1126/science.aav4294;https://doi.org/10.1038/s41587-020-0513-4;https://doi.org/10.1038/nature24268;https://doi.org/10.1016/j.bja.2024.11.040	https://doi.org/10.1016/j.bja.2024.11.040;https://doi.org/10.1038/d41573-024-00032-4;https://doi.org/10.1128/jcm.00261-22;https://doi.org/10.1116/6.0002107;https://doi.org/10.1101/2022.09.30.510404
CRISPR	Caixia Gao Lab	Caixia Gao	Institute of Genetics and Developmental Biology	facility	Beijing	CN	http://english.genetics.cas.cn/	https://orcid.org/0000-0003-3169-8248	hybrid	Relevant to CRISPR. Overall impact: 33997 total citations and 287 total works in OpenAlex. Recent output: 204 papers in last 10 years, 81 in last 5 years, 44 in last 3 years. Keyword-relevant output: 197 papers in last 10 years and 81 in last 5 years. PI-like authorship evidence: last-author=5, first/last-author=5. Likely strengths include crispr; single-cell; sequencing. Main topical areas include development; genome editing.	crispr; single-cell; sequencing	development; genome editing	crispr	CRISPR and Genetic Engineering; Plant Virus Research Studies; Chromosomal and Genetic Variations; Plant tissue culture and regeneration; RNA and protein synthesis mechanisms	CRISPR and Genetic Engineering; Chromosomal and Genetic Variations; Plant Virus Research Studies; Insect symbiosis and bacterial influences; Genetically Modified Organisms Research	33997	287	204	81	44	197	81	44	2025:29; 2024:15; 2023:26; 2022:11; 2021:20; 2020:38; 2019:25; 2018:18; 2017:22	CRISPR/Cas Genome Editing and Precision Plant Breeding in Agriculture [2019; cites=1483; doi=https://doi.org/10.1146/annurev-arplant-050718-100049] | Breeding crops to feed 10 billion [2019; cites=1018; doi=https://doi.org/10.1038/s41587-019-0152-9] | Efficient DNA-free genome editing of bread wheat using CRISPR/Cas9 ribonucleoprotein complexes [2017; cites=948; doi=https://doi.org/10.1038/ncomms14261] | Genome engineering for crop improvement and future agriculture [2021; cites=919; doi=https://doi.org/10.1016/j.cell.2021.01.005] | Precise base editing in rice, wheat and maize with a Cas9-cytidine deaminase fusion [2017; cites=858; doi=https://doi.org/10.1038/nbt.3811]	CRISPR/Cas Genome Editing and Precision Plant Breeding in Agriculture [2019; cites=1483; doi=https://doi.org/10.1146/annurev-arplant-050718-100049] | Efficient DNA-free genome editing of bread wheat using CRISPR/Cas9 ribonucleoprotein complexes [2017; cites=948; doi=https://doi.org/10.1038/ncomms14261] | Applications of CRISPR–Cas in agriculture and plant biotechnology [2020; cites=808; doi=https://doi.org/10.1038/s41580-020-00288-9] | Genome engineering for crop improvement and future agriculture [2021; cites=919; doi=https://doi.org/10.1016/j.cell.2021.01.005] | Rapid and visual on-site detection system for Epizootic Hemorrhagic Disease Virus based on a combination of CRISPR-Cas12a and RT-ERA [2025; cites=0; doi=https://doi.org/10.1016/j.jia.2025.09.023]	Integrated biotechnological and AI innovations for crop improvement [2025; cites=50; doi=https://doi.org/10.1038/s41586-025-09122-8] | Advancing protein evolution with inverse folding models integrating structural and evolutionary constraints [2025; cites=33; doi=https://doi.org/10.1016/j.cell.2025.06.014] | Design of CoQ10 crops based on evolutionary history [2025; cites=31; doi=https://doi.org/10.1016/j.cell.2025.01.023] | Iterative recombinase technologies for efficient and precise genome engineering across kilobase to megabase scales [2025; cites=22; doi=https://doi.org/10.1016/j.cell.2025.07.011] | Observed different impacts of potential tree restoration on local surface and air temperature [2025; cites=18; doi=https://doi.org/10.1038/s41467-025-57606-y]	5	4943	5	5	0	287	33997	105.867	OpenAlex works + authors + institutions	https://openalex.org/A5077799932	https://openalex.org/I4210124606	https://ror.org/02aee5m12	https://doi.org/10.1146/annurev-arplant-050718-100049;https://doi.org/10.1038/s41587-019-0152-9;https://doi.org/10.1038/ncomms14261;https://doi.org/10.1016/j.cell.2021.01.005;https://doi.org/10.1038/nbt.3811	https://doi.org/10.1146/annurev-arplant-050718-100049;https://doi.org/10.1038/ncomms14261;https://doi.org/10.1038/s41580-020-00288-9;https://doi.org/10.1016/j.cell.2021.01.005;https://doi.org/10.1016/j.jia.2025.09.023	https://doi.org/10.1038/s41586-025-09122-8;https://doi.org/10.1016/j.cell.2025.06.014;https://doi.org/10.1016/j.cell.2025.01.023;https://doi.org/10.1016/j.cell.2025.07.011;https://doi.org/10.1038/s41467-025-57606-y
CRISPR	Benjamin P. Kleinstiver Lab	Benjamin P. Kleinstiver	Harvard University	education	Cambridge	US	https://www.harvard.edu	https://orcid.org/0000-0002-5469-0655	hybrid	Relevant to CRISPR. Overall impact: 13968 total citations and 151 total works in OpenAlex. Recent output: 98 papers in last 10 years, 60 in last 5 years, 23 in last 3 years. Keyword-relevant output: 97 papers in last 10 years and 60 in last 5 years. PI-like authorship evidence: last-author=2, first/last-author=3. Likely strengths include crispr; machine learning; deep learning; screen; sequencing; computational. Main topical areas include cancer; evolution; genome editing.	crispr; machine learning; deep learning; screen; sequencing; computational	cancer; evolution; genome editing	crispr	CRISPR and Genetic Engineering; RNA and protein synthesis mechanisms; Advanced biosensing and bioanalysis techniques; Cholangiocarcinoma and Gallbladder Cancer Studies; Chronic Myeloid Leukemia Treatments	CRISPR and Genetic Engineering; Chronic Myeloid Leukemia Treatments; Cholangiocarcinoma and Gallbladder Cancer Studies; RNA regulation and disease; Insect symbiosis and bacterial influences	13968	151	98	60	23	97	60	23	2026:1; 2025:10; 2024:12; 2023:23; 2022:14; 2021:7; 2020:9; 2019:6; 2018:7; 2017:9	Unconstrained genome targeting with near-PAMless engineered CRISPR-Cas9 variants [2020; cites=1224; doi=https://doi.org/10.1126/science.aba8853] | Enhanced proofreading governs CRISPR–Cas9 targeting accuracy [2017; cites=1202; doi=https://doi.org/10.1038/nature24268] | Engineered CRISPR–Cas12a variants with increased activities and improved targeting ranges for gene, epigenetic and base editing [2019; cites=715; doi=https://doi.org/10.1038/s41587-018-0011-0] | High levels of AAV vector integration into CRISPR-induced DNA breaks [2019; cites=418; doi=https://doi.org/10.1038/s41467-019-12449-2] | Prediction of off-target activities for the end-to-end design of CRISPR guide RNAs [2018; cites=332; doi=https://doi.org/10.1038/s41551-017-0178-6]	Unconstrained genome targeting with near-PAMless engineered CRISPR-Cas9 variants [2020; cites=1224; doi=https://doi.org/10.1126/science.aba8853] | Enhanced proofreading governs CRISPR–Cas9 targeting accuracy [2017; cites=1202; doi=https://doi.org/10.1038/nature24268] | High levels of AAV vector integration into CRISPR-induced DNA breaks [2019; cites=418; doi=https://doi.org/10.1038/s41467-019-12449-2] | Engineered CRISPR–Cas12a variants with increased activities and improved targeting ranges for gene, epigenetic and base editing [2019; cites=715; doi=https://doi.org/10.1038/s41587-018-0011-0] | Discovery of widespread type I and type V CRISPR-Cas inhibitors [2018; cites=290; doi=https://doi.org/10.1126/science.aau5174]	Extracellular vesicles-mediated delivery of SpCas9 RNPs for therapeutic gene editing in Spinocerebellar Ataxia Type 3 [2026; cites=0; doi=https://doi.org/10.1016/j.biomaterials.2026.124119] | Custom CRISPR–Cas9 PAM variants via scalable engineering and machine learning [2025; cites=42; doi=https://doi.org/10.1038/s41586-025-09021-y] | Engineering of CD63 Enables Selective Extracellular Vesicle Cargo Loading and Enhanced Payload Delivery [2025; cites=12; doi=https://doi.org/10.1002/jev2.70094] | Engineering of CRISPR-Cas PAM recognition using deep learning of vast evolutionary data [2025; cites=5; doi=https://doi.org/10.1101/2025.01.06.631536] | GenomePAM directs PAM characterization and engineering of CRISPR-Cas nucleases using mammalian genome repeats [2025; cites=2; doi=https://doi.org/10.1038/s41551-025-01464-y]	5	5567	3	2	1	151	13968	99.561	OpenAlex works + authors + institutions	https://openalex.org/A5058898175	https://openalex.org/I136199984	https://ror.org/03vek6s52	https://doi.org/10.1126/science.aba8853;https://doi.org/10.1038/nature24268;https://doi.org/10.1038/s41587-018-0011-0;https://doi.org/10.1038/s41467-019-12449-2;https://doi.org/10.1038/s41551-017-0178-6	https://doi.org/10.1126/science.aba8853;https://doi.org/10.1038/nature24268;https://doi.org/10.1038/s41467-019-12449-2;https://doi.org/10.1038/s41587-018-0011-0;https://doi.org/10.1126/science.aau5174	https://doi.org/10.1016/j.biomaterials.2026.124119;https://doi.org/10.1038/s41586-025-09021-y;https://doi.org/10.1002/jev2.70094;https://doi.org/10.1101/2025.01.06.631536;https://doi.org/10.1038/s41551-025-01464-y
CRISPR	Nikos C. Kyrpides Lab	Nikos C. Kyrpides	Joint Genome Institute	facility	Berkeley	US	https://jgi.doe.gov	https://orcid.org/0000-0002-6131-0462	hybrid	Relevant to CRISPR. Overall impact: 87389 total citations and 942 total works in OpenAlex. Recent output: 223 papers in last 10 years, 78 in last 5 years, 30 in last 3 years. Keyword-relevant output: 211 papers in last 10 years and 75 in last 5 years. PI-like authorship evidence: last-author=2, first/last-author=2. Likely strengths include crispr; genomics; protein structure; sequencing; computational. Main topical areas include immunity; evolution; microbiome; genome editing.	crispr; genomics; protein structure; sequencing; computational	immunity; evolution; microbiome; genome editing	crispr	Genomics and Phylogenetic Studies; Microbial Community Ecology and Physiology; Bacteriophages and microbial interactions; Legume Nitrogen Fixing Symbiosis; Gut microbiota and health	Genomics and Phylogenetic Studies; Microbial Community Ecology and Physiology; Protist diversity and phylogeny; Legume Nitrogen Fixing Symbiosis; Anaerobic Digestion and Biogas Production	87389	942	223	78	30	211	75	30	2025:20; 2024:10; 2023:29; 2022:19; 2021:14; 2020:35; 2019:28; 2018:22; 2017:46	CheckV assesses the quality and completeness of metagenome-assembled viral genomes [2020; cites=1664; doi=https://doi.org/10.1038/s41587-020-00774-7] | A unified catalog of 204,938 reference genomes from the human gut microbiome [2020; cites=1381; doi=https://doi.org/10.1038/s41587-020-0603-3] | Programmed DNA destruction by miniature CRISPR-Cas14 enzymes [2018; cites=1203; doi=https://doi.org/10.1126/science.aav4294] | IMG/M v.5.0: an integrated data management and comparative analysis system for microbial genomes and microbiomes [2018; cites=910; doi=https://doi.org/10.1093/nar/gky901] | New insights from uncultivated genomes of the global human gut microbiome [2019; cites=802; doi=https://doi.org/10.1038/s41586-019-1058-x]	Programmed DNA destruction by miniature CRISPR-Cas14 enzymes [2018; cites=1203; doi=https://doi.org/10.1126/science.aav4294] | Planetary-scale metagenomic search reveals new patterns of CRISPR targeting [2025; cites=4; doi=https://doi.org/10.1101/2025.06.12.659409] | CheckV assesses the quality and completeness of metagenome-assembled viral genomes [2020; cites=1664; doi=https://doi.org/10.1038/s41587-020-00774-7] | A unified catalog of 204,938 reference genomes from the human gut microbiome [2020; cites=1381; doi=https://doi.org/10.1038/s41587-020-0603-3] | On the Origin of Reverse Transcriptase-Using CRISPR-Cas Systems and Their Hyperdiverse, Enigmatic Spacer Repertoires [2017; cites=65; doi=https://doi.org/10.1128/mbio.00897-17]	A metagenomic perspective on the microbial prokaryotic genome census [2025; cites=26; doi=https://doi.org/10.1126/sciadv.adq2166] | A genomic atlas of the human gut virome elucidates genetic factors shaping host interactions [2025; cites=5; doi=https://doi.org/10.1101/2025.11.01.686033] | Planetary-scale metagenomic search reveals new patterns of CRISPR targeting [2025; cites=4; doi=https://doi.org/10.1101/2025.06.12.659409] | Meta-virus resource (MetaVR): expanding the frontiers of viral diversity with 24 million uncultivated virus genomes [2025; cites=3; doi=https://doi.org/10.1093/nar/gkaf1283] | A genomic catalog of Earth’s bacterial and archaeal symbionts [2025; cites=3; doi=https://doi.org/10.1101/2025.05.29.656868]	4	4980	2	2	0	942	87389	99.44	OpenAlex works + authors + institutions	https://openalex.org/A5023696415	https://openalex.org/I196679689	https://ror.org/04xm1d337	https://doi.org/10.1038/s41587-020-00774-7;https://doi.org/10.1038/s41587-020-0603-3;https://doi.org/10.1126/science.aav4294;https://doi.org/10.1093/nar/gky901;https://doi.org/10.1038/s41586-019-1058-x	https://doi.org/10.1126/science.aav4294;https://doi.org/10.1101/2025.06.12.659409;https://doi.org/10.1038/s41587-020-00774-7;https://doi.org/10.1038/s41587-020-0603-3;https://doi.org/10.1128/mbio.00897-17	https://doi.org/10.1126/sciadv.adq2166;https://doi.org/10.1101/2025.11.01.686033;https://doi.org/10.1101/2025.06.12.659409;https://doi.org/10.1093/nar/gkaf1283;https://doi.org/10.1101/2025.05.29.656868
CRISPR	J. Keith Joung Lab	J. Keith Joung	Massachusetts General Hospital	healthcare	Boston	US	http://www.massgeneral.org/	https://orcid.org/0000-0001-5630-5645	experimental	Relevant to CRISPR. Overall impact: 56335 total citations and 219 total works in OpenAlex. Recent output: 81 papers in last 10 years, 17 in last 5 years, 5 in last 3 years. Keyword-relevant output: 81 papers in last 10 years and 17 in last 5 years. PI-like authorship evidence: last-author=2, first/last-author=2. Likely strengths include crispr; screen; sequencing. Main topical areas include cancer; development; genome editing.	crispr; screen; sequencing	cancer; development; genome editing	crispr	CRISPR and Genetic Engineering; Advanced biosensing and bioanalysis techniques; RNA and protein synthesis mechanisms; RNA Interference and Gene Delivery; RNA regulation and disease	CRISPR and Genetic Engineering; RNA regulation and disease; Advanced biosensing and bioanalysis techniques; Zebrafish Biomedical Research Applications; RNA and protein synthesis mechanisms	56335	219	81	17	5	81	17	5	2025:2; 2024:3; 2023:8; 2022:4; 2021:9; 2020:11; 2019:12; 2018:17; 2017:15	Gene therapy comes of age [2018; cites=1320; doi=https://doi.org/10.1126/science.aan4672] | Enhanced proofreading governs CRISPR–Cas9 targeting accuracy [2017; cites=1202; doi=https://doi.org/10.1038/nature24268] | CIRCLE-seq: a highly sensitive in vitro screen for genome-wide CRISPR–Cas9 nuclease off-targets [2017; cites=804; doi=https://doi.org/10.1038/nmeth.4278] | Engineered CRISPR–Cas12a variants with increased activities and improved targeting ranges for gene, epigenetic and base editing [2019; cites=715; doi=https://doi.org/10.1038/s41587-018-0011-0] | Transcriptome-wide off-target RNA editing induced by CRISPR-guided DNA base editors [2019; cites=666; doi=https://doi.org/10.1038/s41586-019-1161-z]	Enhanced proofreading governs CRISPR–Cas9 targeting accuracy [2017; cites=1202; doi=https://doi.org/10.1038/nature24268] | CIRCLE-seq: a highly sensitive in vitro screen for genome-wide CRISPR–Cas9 nuclease off-targets [2017; cites=804; doi=https://doi.org/10.1038/nmeth.4278] | High levels of AAV vector integration into CRISPR-induced DNA breaks [2019; cites=418; doi=https://doi.org/10.1038/s41467-019-12449-2] | Engineered CRISPR–Cas12a variants with increased activities and improved targeting ranges for gene, epigenetic and base editing [2019; cites=715; doi=https://doi.org/10.1038/s41587-018-0011-0] | Transcriptome-wide off-target RNA editing induced by CRISPR-guided DNA base editors [2019; cites=666; doi=https://doi.org/10.1038/s41586-019-1161-z]	High-resolution CTCF footprinting reveals impact of chromatin state on cohesin extrusion [2025; cites=7; doi=https://doi.org/10.1038/s41467-025-57775-w] | The E3 ligase HECTD4 regulates COX-2-dependent tumor progression and metastasis. [2025; cites=0; doi=https://doi.org/10.1073/pnas.2425621122] | Enhancing CRISPR prime editing by reducing misfolded pegRNA interactions [2024; cites=17; doi=https://doi.org/10.7554/elife.90948.2] | CRISPR PERSIST-On enables heritable and fine-tunable human gene activation [2024; cites=3; doi=https://doi.org/10.1101/2024.04.26.590475] | MOSAIC enables <i>in situ</i> saturation mutagenesis of genes and CRISPR prime editing guide RNA optimization in human cells [2024; cites=1; doi=https://doi.org/10.1101/2024.04.25.591078]	4	3923	2	2	0	219	56335	87.563	OpenAlex works + authors + institutions	https://openalex.org/A5005370545	https://openalex.org/I4210087915	https://ror.org/002pd6e78	https://doi.org/10.1126/science.aan4672;https://doi.org/10.1038/nature24268;https://doi.org/10.1038/nmeth.4278;https://doi.org/10.1038/s41587-018-0011-0;https://doi.org/10.1038/s41586-019-1161-z	https://doi.org/10.1038/nature24268;https://doi.org/10.1038/nmeth.4278;https://doi.org/10.1038/s41467-019-12449-2;https://doi.org/10.1038/s41587-018-0011-0;https://doi.org/10.1038/s41586-019-1161-z	https://doi.org/10.1038/s41467-025-57775-w;https://doi.org/10.1073/pnas.2425621122;https://doi.org/10.7554/elife.90948.2;https://doi.org/10.1101/2024.04.26.590475;https://doi.org/10.1101/2024.04.25.591078
CRISPR	X. Shirley Liu Lab	X. Shirley Liu	Dana-Farber Cancer Institute	facility	Boston	US	http://www.dana-farber.org/	https://orcid.org/0000-0003-4736-7339	hybrid	Relevant to CRISPR. Overall impact: 81262 total citations and 481 total works in OpenAlex. Recent output: 288 papers in last 10 years, 226 in last 5 years, 90 in last 3 years. Keyword-relevant output: 283 papers in last 10 years and 225 in last 5 years. PI-like authorship evidence: last-author=2, first/last-author=2. Likely strengths include crispr; single-cell; spatial; transcriptomics; genomics; screen; computational. Main topical areas include cancer; immunity; development; genome editing.	crispr; single-cell; spatial; transcriptomics; genomics; screen; computational	cancer; immunity; development; genome editing	crispr	Cancer Immunotherapy and Biomarkers; CAR-T cell therapy research; Genomics and Chromatin Dynamics; Immunotherapy and Immune Responses; Immune Cell Function and Interaction	Cancer Immunotherapy and Biomarkers; Single-cell and spatial transcriptomics; CAR-T cell therapy research; Genomics and Chromatin Dynamics; Protein Degradation and Inhibitors	81262	481	288	226	90	283	225	90	2026:8; 2025:41; 2024:41; 2023:125; 2022:11; 2021:16; 2020:18; 2019:9; 2018:12; 2017:7	TIMER: A Web Server for Comprehensive Analysis of Tumor-Infiltrating Immune Cells [2017; cites=6515; doi=https://doi.org/10.1158/0008-5472.can-17-0307] | TIMER2.0 for analysis of tumor-infiltrating immune cells [2020; cites=5554; doi=https://doi.org/10.1093/nar/gkaa407] | Signatures of T cell dysfunction and exclusion predict cancer immunotherapy response [2018; cites=5454; doi=https://doi.org/10.1038/s41591-018-0136-1] | Large-scale public data reuse to model immunotherapy response and resistance [2020; cites=1112; doi=https://doi.org/10.1186/s13073-020-0721-z] | Cistrome Data Browser: expanded datasets and new tools for gene regulatory analysis [2018; cites=1045; doi=https://doi.org/10.1093/nar/gky1094]	Large-scale public data reuse to model immunotherapy response and resistance [2020; cites=1112; doi=https://doi.org/10.1186/s13073-020-0721-z] | A major chromatin regulator determines resistance of tumor cells to T cell–mediated killing [2018; cites=851; doi=https://doi.org/10.1126/science.aao1710] | Integrative analysis of pooled CRISPR genetic screens using MAGeCKFlute [2019; cites=467; doi=https://doi.org/10.1038/s41596-018-0113-7] | Transfer learning enables predictions in network biology [2023; cites=901; doi=https://doi.org/10.1038/s41586-023-06139-9] | TIMER: A Web Server for Comprehensive Analysis of Tumor-Infiltrating Immune Cells [2017; cites=6515; doi=https://doi.org/10.1158/0008-5472.can-17-0307]	SIRT1: The first key to unlocking the mystery of cardiovascular diseases [2026; cites=1; doi=https://doi.org/10.3389/fphar.2025.1668718] | YY1/Asprosin/PFKP axis regulates glycolytic metabolic and exacerbates pathological cardiac hypertrophy [2026; cites=0; doi=https://doi.org/10.1038/s41467-026-71197-2] | Intelligent Wearable Fluorescence Hydrogel-Imprinted Sensor for Rapid Noninvasive Simultaneous Detection of Capecitabine and 5-Fluorouracil in Sweat [2026; cites=0; doi=https://doi.org/10.1021/acs.analchem.5c07378] | Semantic Information Modeling with Retrieval-Augmented Generation for Academic Digital Libraries [2026; cites=0; doi=https://doi.org/10.21203/rs.3.rs-9013290/v1] | Python-assisted bimetallic-nanozyme fluorescence capillary imprinted sensor for rapid visual detection of nonylphenol ethoxylates and nonylphenol [2026; cites=0; doi=https://doi.org/10.1016/j.saa.2026.127734]	4	3976	2	2	0	481	81262	85.512	OpenAlex works + authors + institutions	https://openalex.org/A5045575546	https://openalex.org/I4210117453	https://ror.org/02jzgtq86	https://doi.org/10.1158/0008-5472.can-17-0307;https://doi.org/10.1093/nar/gkaa407;https://doi.org/10.1038/s41591-018-0136-1;https://doi.org/10.1186/s13073-020-0721-z;https://doi.org/10.1093/nar/gky1094	https://doi.org/10.1186/s13073-020-0721-z;https://doi.org/10.1126/science.aao1710;https://doi.org/10.1038/s41596-018-0113-7;https://doi.org/10.1038/s41586-023-06139-9;https://doi.org/10.1158/0008-5472.can-17-0307	https://doi.org/10.3389/fphar.2025.1668718;https://doi.org/10.1038/s41467-026-71197-2;https://doi.org/10.1021/acs.analchem.5c07378;https://doi.org/10.21203/rs.3.rs-9013290/v1;https://doi.org/10.1016/j.saa.2026.127734
CRISPR	Pardis C. Sabeti Lab	Pardis C. Sabeti	Broad Institute	nonprofit	Cambridge	US	http://www.broadinstitute.org/	https://orcid.org/0000-0002-9843-1890	hybrid	Relevant to CRISPR. Overall impact: 78628 total citations and 417 total works in OpenAlex. Recent output: 172 papers in last 10 years, 81 in last 5 years, 37 in last 3 years. Keyword-relevant output: 155 papers in last 10 years and 78 in last 5 years. PI-like authorship evidence: last-author=2, first/last-author=2. Likely strengths include crispr; genomics; machine learning. Main topical areas include cancer; development; evolution.	crispr; genomics; machine learning	cancer; development; evolution	crispr	Viral Infections and Outbreaks Research; Viral Infections and Vectors; SARS-CoV-2 and COVID-19 Research; COVID-19 epidemiological studies; SARS-CoV-2 detection and testing	Viral Infections and Outbreaks Research; SARS-CoV-2 detection and testing; Genetic Associations and Epidemiology; Viral Infections and Vectors; SARS-CoV-2 and COVID-19 Research	78628	417	172	81	37	155	78	37	2026:1; 2025:17; 2024:19; 2023:23; 2022:21; 2021:22; 2020:33; 2019:9; 2018:19; 2017:8	Nucleic acid detection with CRISPR-Cas13a/C2c2 [2017; cites=3666; doi=https://doi.org/10.1126/science.aam9321] | Field-deployable viral diagnostics using CRISPR-Cas13 [2018; cites=1420; doi=https://doi.org/10.1126/science.aas8836] | Structural and Functional Analysis of the D614G SARS-CoV-2 Spike Protein Variant [2020; cites=1116; doi=https://doi.org/10.1016/j.cell.2020.09.032] | Massively multiplexed nucleic acid detection with Cas13 [2020; cites=779; doi=https://doi.org/10.1038/s41586-020-2279-8] | Benchmarking Metagenomics Tools for Taxonomic Classification [2019; cites=647; doi=https://doi.org/10.1016/j.cell.2019.07.010]	Nucleic acid detection with CRISPR-Cas13a/C2c2 [2017; cites=3666; doi=https://doi.org/10.1126/science.aam9321] | Field-deployable viral diagnostics using CRISPR-Cas13 [2018; cites=1420; doi=https://doi.org/10.1126/science.aas8836] | Massively multiplexed nucleic acid detection with Cas13 [2020; cites=779; doi=https://doi.org/10.1038/s41586-020-2279-8] | CRISPR-Cas-amplified urinary biomarkers for multiplexed and portable cancer diagnostics [2023; cites=134; doi=https://doi.org/10.1038/s41565-023-01372-9] | Bead-based approaches for increased sensitivity and multiplexing of CRISPR diagnostics [2025; cites=2; doi=https://doi.org/10.1038/s41551-025-01498-2]	Best practices when benchmarking CATCH for the design of genome enrichment probes [2026; cites=1; doi=https://doi.org/10.1093/bioinformatics/btag002] | Reproducible single-cell annotation of programs underlying T cell subsets, activation states and functions [2025; cites=9; doi=https://doi.org/10.1038/s41592-025-02793-1] | Establishing Methods to Monitor Influenza (A)H5N1 Virus in Dairy Cattle Milk, Massachusetts, USA [2025; cites=8; doi=https://doi.org/10.3201/eid3113.250087] | Delphy: scalable, near-real-time Bayesian phylogenetics for outbreaks [2025; cites=8; doi=https://doi.org/10.1101/2025.03.25.645253] | Bead-based approaches for increased sensitivity and multiplexing of CRISPR diagnostics [2025; cites=2; doi=https://doi.org/10.1038/s41551-025-01498-2]	3	5865	2	2	0	417	78628	84.584	OpenAlex works + authors + institutions	https://openalex.org/A5047819759	https://openalex.org/I107606265	https://ror.org/05a0ya142	https://doi.org/10.1126/science.aam9321;https://doi.org/10.1126/science.aas8836;https://doi.org/10.1016/j.cell.2020.09.032;https://doi.org/10.1038/s41586-020-2279-8;https://doi.org/10.1016/j.cell.2019.07.010	https://doi.org/10.1126/science.aam9321;https://doi.org/10.1126/science.aas8836;https://doi.org/10.1038/s41586-020-2279-8;https://doi.org/10.1038/s41565-023-01372-9;https://doi.org/10.1038/s41551-025-01498-2	https://doi.org/10.1093/bioinformatics/btag002;https://doi.org/10.1038/s41592-025-02793-1;https://doi.org/10.3201/eid3113.250087;https://doi.org/10.1101/2025.03.25.645253;https://doi.org/10.1038/s41551-025-01498-2
CRISPR	Antonio Gasbarrini Lab	Antonio Gasbarrini	Agostino Gemelli University Polyclinic	healthcare	Rome	IT	https://www.policlinicogemelli.it/	https://orcid.org/0000-0002-6230-1779	unknown	Relevant to CRISPR. Overall impact: 111186 total citations and 3769 total works in OpenAlex. Recent output: 500 papers in last 10 years, 500 in last 5 years, 265 in last 3 years. Keyword-relevant output: 500 papers in last 10 years and 500 in last 5 years. PI-like authorship evidence: last-author=2, first/last-author=2. Likely strengths include single-cell; transcriptomics. Main topical areas include cancer; development; evolution; microbiome.	single-cell; transcriptomics	cancer; development; evolution; microbiome		Liver Disease Diagnosis and Treatment; Helicobacter pylori-related gastroenterology studies; Microscopic Colitis; Liver Disease and Transplantation; Gut microbiota and health	Celiac Disease Research and Management; Microscopic Colitis; Helicobacter pylori-related gastroenterology studies; Inflammatory Bowel Disease; Gastrointestinal motility and disorders	111186	3769	500	500	265	500	500	265	2025:120; 2024:145; 2023:228; 2022:7	Short-Chain Fatty-Acid-Producing Bacteria: Key Components of the Human Gut Microbiota [2023; cites=987; doi=https://doi.org/10.3390/nu15092211] | Key determinants of success in fecal microbiota transplantation: From microbiome to clinic [2023; cites=261; doi=https://doi.org/10.1016/j.chom.2023.03.020] | The role of diet in shaping human gut microbiota [2023; cites=174; doi=https://doi.org/10.1016/j.bpg.2023.101828] | Gut Microbiota and Cardiovascular Disease: Evidence on the Metabolic and Inflammatory Background of a Complex Relationship [2023; cites=167; doi=https://doi.org/10.3390/ijms24109087] | Adipokines: masterminds of metabolic inflammation [2024; cites=114; doi=https://doi.org/10.1038/s41577-024-01103-8]	Short-Chain Fatty-Acid-Producing Bacteria: Key Components of the Human Gut Microbiota [2023; cites=987; doi=https://doi.org/10.3390/nu15092211] | Key determinants of success in fecal microbiota transplantation: From microbiome to clinic [2023; cites=261; doi=https://doi.org/10.1016/j.chom.2023.03.020] | The role of diet in shaping human gut microbiota [2023; cites=174; doi=https://doi.org/10.1016/j.bpg.2023.101828] | The Detrimental Impact of Ultra-Processed Foods on the Human Gut Microbiome and Gut Barrier [2025; cites=69; doi=https://doi.org/10.3390/nu17050859] | Gut Microbiota and Cardiovascular Disease: Evidence on the Metabolic and Inflammatory Background of a Complex Relationship [2023; cites=167; doi=https://doi.org/10.3390/ijms24109087]	The Detrimental Impact of Ultra-Processed Foods on the Human Gut Microbiome and Gut Barrier [2025; cites=69; doi=https://doi.org/10.3390/nu17050859] | Novel Insights into the Pathogenesis of Inflammatory Bowel Diseases [2025; cites=54; doi=https://doi.org/10.3390/biomedicines13020305] | Unraveling the Role of Fusobacterium nucleatum in Colorectal Cancer: Molecular Mechanisms and Pathogenic Insights [2025; cites=43; doi=https://doi.org/10.3390/cancers17030368] | The microbiome for clinicians [2025; cites=27; doi=https://doi.org/10.1016/j.cell.2025.04.016] | The microbiome for clinicians [2025; cites=27; doi=https://doi.org/10.1016/j.cell.2025.04.016]	2	2444	2	2	0	3769	111186	75.062	OpenAlex works + authors + institutions	https://openalex.org/A5031340334	https://openalex.org/I2802557943	https://ror.org/00rg70c39	https://doi.org/10.3390/nu15092211;https://doi.org/10.1016/j.chom.2023.03.020;https://doi.org/10.1016/j.bpg.2023.101828;https://doi.org/10.3390/ijms24109087;https://doi.org/10.1038/s41577-024-01103-8	https://doi.org/10.3390/nu15092211;https://doi.org/10.1016/j.chom.2023.03.020;https://doi.org/10.1016/j.bpg.2023.101828;https://doi.org/10.3390/nu17050859;https://doi.org/10.3390/ijms24109087	https://doi.org/10.3390/nu17050859;https://doi.org/10.3390/biomedicines13020305;https://doi.org/10.3390/cancers17030368;https://doi.org/10.1016/j.cell.2025.04.016;https://doi.org/10.1016/j.cell.2025.04.016
CRISPR	Christian von Mering Lab	Christian von Mering	SIB Swiss Institute of Bioinformatics	nonprofit	Lausanne	CH	https://www.sib.swiss	https://orcid.org/0000-0001-7734-9102	hybrid	Relevant to CRISPR. Overall impact: 126555 total citations and 271 total works in OpenAlex. Recent output: 86 papers in last 10 years, 43 in last 5 years, 28 in last 3 years. Keyword-relevant output: 79 papers in last 10 years and 43 in last 5 years. PI-like authorship evidence: last-author=2, first/last-author=2. Likely strengths include crispr; single-cell; proteomics; genomics; machine learning; language model; computational. Main topical areas include cancer; development; evolution; microbiome; genome editing.	crispr; single-cell; proteomics; genomics; machine learning; language model; computational	cancer; development; evolution; microbiome; genome editing		Genomics and Phylogenetic Studies; Bioinformatics and Genomic Networks; Gut microbiota and health; Microbial Community Ecology and Physiology; Cancer Genomics and Diagnostics	Bioinformatics and Genomic Networks; Genomics and Phylogenetic Studies; Gut microbiota and health; Advanced Proteomics Techniques and Applications; Machine Learning in Bioinformatics	126555	271	86	43	28	79	43	28	2026:1; 2025:13; 2024:14; 2023:7; 2022:8; 2021:6; 2020:9; 2019:6; 2018:12; 2017:10	STRING v11: protein–protein association networks with increased coverage, supporting functional discovery in genome-wide experimental datasets [2018; cites=18872; doi=https://doi.org/10.1093/nar/gky1131] | The STRING database in 2021: customizable protein–protein networks, and functional characterization of user-uploaded gene/measurement sets [2020; cites=8366; doi=https://doi.org/10.1093/nar/gkaa1074] | The STRING database in 2023: protein–protein association networks and functional enrichment analyses for any sequenced genome of interest [2022; cites=7994; doi=https://doi.org/10.1093/nar/gkac1000] | eggNOG 5.0: a hierarchical, functionally and phylogenetically annotated orthology resource based on 5090 organisms and 2502 viruses [2018; cites=5033; doi=https://doi.org/10.1093/nar/gky1085] | Fast Genome-Wide Functional Annotation through Orthology Assignment by eggNOG-Mapper [2017; cites=2953; doi=https://doi.org/10.1093/molbev/msx148]	STRING v11: protein–protein association networks with increased coverage, supporting functional discovery in genome-wide experimental datasets [2018; cites=18872; doi=https://doi.org/10.1093/nar/gky1131] | The STRING database in 2021: customizable protein–protein networks, and functional characterization of user-uploaded gene/measurement sets [2020; cites=8366; doi=https://doi.org/10.1093/nar/gkaa1074] | The STRING database in 2023: protein–protein association networks and functional enrichment analyses for any sequenced genome of interest [2022; cites=7994; doi=https://doi.org/10.1093/nar/gkac1000] | eggNOG 5.0: a hierarchical, functionally and phylogenetically annotated orthology resource based on 5090 organisms and 2502 viruses [2018; cites=5033; doi=https://doi.org/10.1093/nar/gky1085] | Fast Genome-Wide Functional Annotation through Orthology Assignment by eggNOG-Mapper [2017; cites=2953; doi=https://doi.org/10.1093/molbev/msx148]	Community conservatism is widespread across microbial phyla and environments [2026; cites=1; doi=https://doi.org/10.1038/s41559-025-02957-4] | Monosaccharides drive Salmonella gut colonization in a context-dependent or -independent manner [2025; cites=20; doi=https://doi.org/10.1038/s41467-025-56890-y] | The MicrobeAtlas database: Global trends and insights into Earth’s microbial ecosystems [2025; cites=16; doi=https://doi.org/10.1101/2025.07.18.665519] | Neutrophil recruitment during intestinal inflammation primes Salmonella elimination by commensal E. coli in a context-dependent manner [2025; cites=6; doi=https://doi.org/10.1016/j.chom.2025.02.004] | Gene-level analysis of core carbohydrate metabolism across the Enterobacteriaceae pan-genome [2025; cites=4; doi=https://doi.org/10.1038/s42003-025-08640-5]	2	16360	2	2	0	271	126555	71.54	OpenAlex works + authors + institutions	https://openalex.org/A5000334281	https://openalex.org/I12708293	https://ror.org/002n09z45	https://doi.org/10.1093/nar/gky1131;https://doi.org/10.1093/nar/gkaa1074;https://doi.org/10.1093/nar/gkac1000;https://doi.org/10.1093/nar/gky1085;https://doi.org/10.1093/molbev/msx148	https://doi.org/10.1093/nar/gky1131;https://doi.org/10.1093/nar/gkaa1074;https://doi.org/10.1093/nar/gkac1000;https://doi.org/10.1093/nar/gky1085;https://doi.org/10.1093/molbev/msx148	https://doi.org/10.1038/s41559-025-02957-4;https://doi.org/10.1038/s41467-025-56890-y;https://doi.org/10.1101/2025.07.18.665519;https://doi.org/10.1016/j.chom.2025.02.004;https://doi.org/10.1038/s42003-025-08640-5
CRISPR	Yonglun Luo Lab	Yonglun Luo	Aarhus University	education	Aarhus	DK	https://www.au.dk	https://orcid.org/0000-0002-0007-7759	hybrid	Relevant to CRISPR. Overall impact: 13677 total citations and 260 total works in OpenAlex. Recent output: 154 papers in last 10 years, 85 in last 5 years, 38 in last 3 years. Keyword-relevant output: 145 papers in last 10 years and 82 in last 5 years. PI-like authorship evidence: last-author=2, first/last-author=2. Likely strengths include crispr; single-cell; spatial; transcriptomics; genomics; machine learning; deep learning; screen; sequencing; computational. Main topical areas include cancer; development.	crispr; single-cell; spatial; transcriptomics; genomics; machine learning; deep learning; screen; sequencing; computational	cancer; development	crispr	CRISPR and Genetic Engineering; Animal Genetics and Reproduction; Single-cell and spatial transcriptomics; Pluripotent Stem Cells Research; Cancer Genomics and Diagnostics	CRISPR and Genetic Engineering; Single-cell and spatial transcriptomics; Pluripotent Stem Cells Research; Animal Genetics and Reproduction; Xenotransplantation and immune response	13677	260	154	85	38	145	82	38	2025:17; 2024:21; 2023:29; 2022:18; 2021:19; 2020:14; 2019:20; 2018:8; 2017:8	A single–cell type transcriptomics map of human tissues [2021; cites=1728; doi=https://doi.org/10.1126/sciadv.abh2169] | Single‐cell RNA sequencing technologies and applications: A brief overview [2022; cites=1190; doi=https://doi.org/10.1002/ctm2.694] | An atlas of the protein-coding genes in the human, pig, and mouse brain [2020; cites=1152; doi=https://doi.org/10.1126/science.aay5947] | Inactivation of porcine endogenous retrovirus in pigs using CRISPR-Cas9 [2017; cites=733; doi=https://doi.org/10.1126/science.aan4187] | A Brief Overview of Global Trends in MSC-Based Cell Therapy [2022; cites=279; doi=https://doi.org/10.1007/s12015-022-10369-1]	Inactivation of porcine endogenous retrovirus in pigs using CRISPR-Cas9 [2017; cites=733; doi=https://doi.org/10.1126/science.aan4187] | Single‐cell RNA sequencing technologies and applications: A brief overview [2022; cites=1190; doi=https://doi.org/10.1002/ctm2.694] | An Overview and Comparative Analysis of CRISPR-SpCas9 gRNA Activity Prediction Tools [2025; cites=2; doi=https://doi.org/10.1089/crispr.2024.0058] | Enhancing CRISPR-Cas9 gRNA efficiency prediction by data integration and deep learning [2021; cites=190; doi=https://doi.org/10.1038/s41467-021-23576-0] | CRISPR delivery with extracellular vesicles: Promises and challenges [2023; cites=26; doi=https://doi.org/10.1002/jex2.111]	Complementing muscle regeneration—fibro-adipogenic progenitor and macrophage-mediated repair of elderly human skeletal muscle [2025; cites=15; doi=https://doi.org/10.1038/s41467-025-60627-2] | EccDNA atlas in male mice reveals features protecting genes against transcription-induced eccDNA formation [2025; cites=11; doi=https://doi.org/10.1038/s41467-025-57042-y] | Temporally resolved single-cell RNA sequencing reveals protective and pathological responses during herpes simplex virus CNS infection [2025; cites=8; doi=https://doi.org/10.1186/s12974-025-03471-x] | Hypoxia-derived mesenchymal stem-cell exosomes delivering naringin enhance osteoblast migration and fracture healing by upregulating integrin β1 via the BDNF-TrkB/ERK1/2 signaling pathway [2025; cites=5; doi=https://doi.org/10.22203/ecm.v050a09] | Clinical application of single‐cell RNA sequencing in disease and therapy [2025; cites=4; doi=https://doi.org/10.1002/ctm2.70512]	4	4841	2	2	0	260	13677	64.689	OpenAlex works + authors + institutions	https://openalex.org/A5036195699	https://openalex.org/I204337017	https://ror.org/01aj84f44	https://doi.org/10.1126/sciadv.abh2169;https://doi.org/10.1002/ctm2.694;https://doi.org/10.1126/science.aay5947;https://doi.org/10.1126/science.aan4187;https://doi.org/10.1007/s12015-022-10369-1	https://doi.org/10.1126/science.aan4187;https://doi.org/10.1002/ctm2.694;https://doi.org/10.1089/crispr.2024.0058;https://doi.org/10.1038/s41467-021-23576-0;https://doi.org/10.1002/jex2.111	https://doi.org/10.1038/s41467-025-60627-2;https://doi.org/10.1038/s41467-025-57042-y;https://doi.org/10.1186/s12974-025-03471-x;https://doi.org/10.22203/ecm.v050a09;https://doi.org/10.1002/ctm2.70512
CRISPR	Maite Huarte Lab	Maite Huarte	Universidad de Navarra	education	Pamplona	ES	https://www.unav.edu	https://orcid.org/0000-0003-3753-6493	hybrid	Relevant to CRISPR. Overall impact: 26798 total citations and 95 total works in OpenAlex. Recent output: 47 papers in last 10 years, 31 in last 5 years, 10 in last 3 years. Keyword-relevant output: 45 papers in last 10 years and 30 in last 5 years. PI-like authorship evidence: last-author=3, first/last-author=3. Likely strengths include crispr; screen; sequencing. Main topical areas include cancer; development.	crispr; screen; sequencing	cancer; development		Cancer-related molecular mechanisms research; RNA modifications and cancer; RNA Research and Splicing; Neuroblastoma Research and Treatments; Cancer, Hypoxia, and Metabolism	Cancer-related molecular mechanisms research; RNA Research and Splicing; RNA modifications and cancer; Neuroblastoma Research and Treatments; Plant and Fungal Interactions Research	26798	95	47	31	10	45	30	10	2025:2; 2024:8; 2023:20; 2022:1; 2021:2; 2020:5; 2019:2; 2018:4; 2017:3	Gene regulation by long non-coding RNAs and its biological functions [2020; cites=4952; doi=https://doi.org/10.1038/s41580-020-00315-9] | Long non-coding RNAs: definitions, functions, challenges and recommendations [2023; cites=2082; doi=https://doi.org/10.1038/s41580-022-00566-8] | The multidimensional mechanisms of long noncoding RNA function [2017; cites=1002; doi=https://doi.org/10.1186/s13059-017-1348-2] | The human lncRNA LINC-PINT inhibits tumor cell invasion through a highly conserved sequence element [2017; cites=259; doi=https://doi.org/10.1186/s13059-017-1331-y] | Long Noncoding RNA PURPL Suppresses Basal p53 Levels and Promotes Tumorigenicity in Colorectal Cancer [2017; cites=154; doi=https://doi.org/10.1016/j.celrep.2017.08.041]	Long non-coding RNAs: definitions, functions, challenges and recommendations [2023; cites=2082; doi=https://doi.org/10.1038/s41580-022-00566-8] | Gene regulation by long non-coding RNAs and its biological functions [2020; cites=4952; doi=https://doi.org/10.1038/s41580-020-00315-9] | The multidimensional mechanisms of long noncoding RNA function [2017; cites=1002; doi=https://doi.org/10.1186/s13059-017-1348-2] | Efficient and safe therapeutic use of paired Cas9-nickases for primary hyperoxaluria type 1 [2024; cites=21; doi=https://doi.org/10.1038/s44321-023-00008-8] | YTHDC1 m6A-dependent and m6A-independent functions converge to preserve the DNA damage response [2024; cites=13; doi=https://doi.org/10.1038/s44318-024-00153-x]	A lncRNA-mediated metabolic rewiring of cell senescence [2025; cites=5; doi=https://doi.org/10.1016/j.celrep.2025.115747] | The lncRNA DUBR is regulated by CTCF and coordinates chromatin landscape and gene expression in hematopoietic cells [2025; cites=3; doi=https://doi.org/10.1093/nar/gkaf093] | Efficient and safe therapeutic use of paired Cas9-nickases for primary hyperoxaluria type 1 [2024; cites=21; doi=https://doi.org/10.1038/s44321-023-00008-8] | YTHDC1 m6A-dependent and m6A-independent functions converge to preserve the DNA damage response [2024; cites=13; doi=https://doi.org/10.1038/s44318-024-00153-x] | Uncovering functional lncRNAs by scRNA-seq with ELATUS [2024; cites=10; doi=https://doi.org/10.1038/s41467-024-54005-7]	4	12988	3	3	0	95	26798	62.408	OpenAlex works + authors + institutions	https://openalex.org/A5047252413	https://openalex.org/I88155538	https://ror.org/02rxc7m23	https://doi.org/10.1038/s41580-020-00315-9;https://doi.org/10.1038/s41580-022-00566-8;https://doi.org/10.1186/s13059-017-1348-2;https://doi.org/10.1186/s13059-017-1331-y;https://doi.org/10.1016/j.celrep.2017.08.041	https://doi.org/10.1038/s41580-022-00566-8;https://doi.org/10.1038/s41580-020-00315-9;https://doi.org/10.1186/s13059-017-1348-2;https://doi.org/10.1038/s44321-023-00008-8;https://doi.org/10.1038/s44318-024-00153-x	https://doi.org/10.1016/j.celrep.2025.115747;https://doi.org/10.1093/nar/gkaf093;https://doi.org/10.1038/s44321-023-00008-8;https://doi.org/10.1038/s44318-024-00153-x;https://doi.org/10.1038/s41467-024-54005-7
CRISPR	Patrick D. Hsu Lab	Patrick D. Hsu	Salk Institute for Biological Studies	nonprofit	La Jolla	US	http://www.salk.edu/	https://orcid.org/0000-0002-9380-2648	hybrid	Relevant to CRISPR. Overall impact: 54095 total citations and 122 total works in OpenAlex. Recent output: 67 papers in last 10 years, 52 in last 5 years, 21 in last 3 years. Keyword-relevant output: 67 papers in last 10 years and 52 in last 5 years. PI-like authorship evidence: last-author=2, first/last-author=2. Likely strengths include crispr; machine learning; deep learning; foundation model; language model; screen. Main topical areas include immunity; evolution.	crispr; machine learning; deep learning; foundation model; language model; screen	immunity; evolution	crispr	CRISPR and Genetic Engineering; Metal complexes synthesis and properties; Radiopharmaceutical Chemistry and Applications; Click Chemistry and Applications; RNA and protein synthesis mechanisms	CRISPR and Genetic Engineering; Click Chemistry and Applications; Radiopharmaceutical Chemistry and Applications; Metal complexes synthesis and properties; SARS-CoV-2 detection and testing	54095	122	67	52	21	67	52	21	2026:1; 2025:9; 2024:11; 2023:27; 2022:4; 2021:4; 2020:4; 2019:1; 2018:6	Transcriptome Engineering with RNA-Targeting Type VI-D CRISPR Effectors [2018; cites=1191; doi=https://doi.org/10.1016/j.cell.2018.02.033] | Simulating 500 million years of evolution with a language model [2025; cites=493; doi=https://doi.org/10.1126/science.ads0018] | Sequence modeling and design from molecular to genome scale with Evo [2024; cites=339; doi=https://doi.org/10.1126/science.ado9336] | Structural Basis for the RNA-Guided Ribonuclease Activity of CRISPR-Cas13d [2018; cites=281; doi=https://doi.org/10.1016/j.cell.2018.09.001] | Systematic discovery of recombinases for efficient integration of large DNA sequences into the human genome [2022; cites=195; doi=https://doi.org/10.1038/s41587-022-01494-w]	Transcriptome Engineering with RNA-Targeting Type VI-D CRISPR Effectors [2018; cites=1191; doi=https://doi.org/10.1016/j.cell.2018.02.033] | Gene Editing for <i>ATXN3</i> Inactivation in Machado-Joseph disease: CRISPR-Cas9 as a Therapeutic Alternative to TALEN-Induced Toxicity [2025; cites=0; doi=https://doi.org/10.1101/2025.02.14.637261] | Sequence modeling and design from molecular to genome scale with Evo [2024; cites=339; doi=https://doi.org/10.1126/science.ado9336] | Genome-wide, bidirectional CRISPR screens identify mucins as critical host factors modulating SARS-CoV-2 infection [2021; cites=29; doi=https://doi.org/10.1101/2021.04.22.440848] | Deep learning and CRISPR-Cas13d ortholog discovery for optimized RNA targeting [2021; cites=18; doi=https://doi.org/10.1101/2021.09.14.460134]	Generalist biological artificial intelligence in modeling the language of life [2026; cites=0; doi=https://doi.org/10.1038/s41587-026-03064-w] | Simulating 500 million years of evolution with a language model [2025; cites=493; doi=https://doi.org/10.1126/science.ads0018] | Predicting cellular responses to perturbation across diverse contexts with State [2025; cites=43; doi=https://doi.org/10.1101/2025.06.26.661135] | Virtual Cell Challenge: Toward a Turing test for the virtual cell [2025; cites=39; doi=https://doi.org/10.1016/j.cell.2025.06.008] | scBaseCount: an AI agent-curated, uniformly processed, and autonomously updated single cell data repository [2025; cites=22; doi=https://doi.org/10.1101/2025.02.27.640494]	2	2382	2	2	0	122	54095	59.142	OpenAlex works + authors + institutions	https://openalex.org/A5060049408	https://openalex.org/I1307098950	https://ror.org/03xez1567	https://doi.org/10.1016/j.cell.2018.02.033;https://doi.org/10.1126/science.ads0018;https://doi.org/10.1126/science.ado9336;https://doi.org/10.1016/j.cell.2018.09.001;https://doi.org/10.1038/s41587-022-01494-w	https://doi.org/10.1016/j.cell.2018.02.033;https://doi.org/10.1101/2025.02.14.637261;https://doi.org/10.1126/science.ado9336;https://doi.org/10.1101/2021.04.22.440848;https://doi.org/10.1101/2021.09.14.460134	https://doi.org/10.1038/s41587-026-03064-w;https://doi.org/10.1126/science.ads0018;https://doi.org/10.1101/2025.06.26.661135;https://doi.org/10.1016/j.cell.2025.06.008;https://doi.org/10.1101/2025.02.27.640494
CRISPR	David Sinclair Lab	David Sinclair	Boston VA Research Institute	nonprofit	Boston	US	http://bvari.org/default.aspx	https://orcid.org/0000-0002-9936-436X	computational	Relevant to CRISPR. Overall impact: 83169 total citations and 653 total works in OpenAlex. Recent output: 154 papers in last 10 years, 60 in last 5 years, 26 in last 3 years. Keyword-relevant output: 131 papers in last 10 years and 56 in last 5 years. PI-like authorship evidence: last-author=2, first/last-author=2. Main topical areas include cancer; development.		cancer; development		Sirtuins and Resveratrol in Medicine; Genetics, Aging, and Longevity in Model Organisms; Adipose Tissue and Metabolism; Autophagy in Disease and Therapy; Mitochondrial Function and Pathology	Sirtuins and Resveratrol in Medicine; Genetics, Aging, and Longevity in Model Organisms; Calcium signaling and nucleotide metabolism; Autophagy in Disease and Therapy; PARP inhibition in cancer therapy	83169	653	154	60	26	131	56	26	2026:2; 2025:13; 2024:11; 2023:17; 2022:17; 2021:13; 2020:20; 2019:17; 2018:30; 2017:14	Why does COVID-19 disproportionately affect older people? [2020; cites=1153; doi=https://doi.org/10.18632/aging.103344] | Mitochondrial and metabolic dysfunction in ageing and age-related diseases [2022; cites=865; doi=https://doi.org/10.1038/s41574-021-00626-7] | Therapeutic Potential of NAD-Boosting Molecules: The In Vivo Evidence [2018; cites=829; doi=https://doi.org/10.1016/j.cmet.2018.02.011] | Reprogramming to recover youthful epigenetic information and restore vision [2020; cites=795; doi=https://doi.org/10.1038/s41586-020-2975-4] | NAD+ in Brain Aging and Neurodegenerative Disorders [2019; cites=728; doi=https://doi.org/10.1016/j.cmet.2019.09.001]	Why does COVID-19 disproportionately affect older people? [2020; cites=1153; doi=https://doi.org/10.18632/aging.103344] | Mitochondrial and metabolic dysfunction in ageing and age-related diseases [2022; cites=865; doi=https://doi.org/10.1038/s41574-021-00626-7] | Therapeutic Potential of NAD-Boosting Molecules: The In Vivo Evidence [2018; cites=829; doi=https://doi.org/10.1016/j.cmet.2018.02.011] | Reprogramming to recover youthful epigenetic information and restore vision [2020; cites=795; doi=https://doi.org/10.1038/s41586-020-2975-4] | NAD+ in Brain Aging and Neurodegenerative Disorders [2019; cites=728; doi=https://doi.org/10.1016/j.cmet.2019.09.001]	"Oculomics and AI: The eye as a biomarker for health span [2026; cites=1; doi=https://doi.org/10.1016/j.apjo.2026.100282] | Diffusion of <mml:math xmlns:mml=""http://www.w3.org/1998/Math/MathML"" display=""inline""> <mml:mrow> <mml:mmultiscripts> <mml:mrow> <mml:mi>Pb</mml:mi> </mml:mrow> <mml:mprescripts/> <mml:none/> <mml:mrow> <mml:mn>210</mml:mn> </mml:mrow> </mml:mmultiscripts> </mml:mrow> </mml:math> and <mml:math xmlns:mml=""http://www.w3.org/1998/Math/MathML"" display=""inline""> <mml:mrow> <mml:mmultiscripts> <mml:mrow> <mml:mi>Po</mml:mi> </mml:mrow> <mml:mprescripts/> <mml:none/> <mml:mrow> <mml:mn>210</mml:mn> </mml:mrow> </mml:mmultiscripts> </mml:mrow> </mml:math> in nylon [2026; cites=0; doi=https://doi.org/10.1103/jtn3-gr7y] | Cellular rejuvenation protects neurons from inflammation-mediated cell death [2025; cites=14; doi=https://doi.org/10.1016/j.celrep.2025.115298] | Emerging strategies, applications and challenges of targeting NAD+ in the clinic [2025; cites=13; doi=https://doi.org/10.1038/s43587-025-00947-6] | Single-Short Partial Reprogramming of the Endothelial Cells Decreases Blood Pressure via Attenuation of EndMT in Hypertensive Mice [2025; cites=6; doi=https://doi.org/10.1161/circresaha.124.324909]"	2	2306	2	2	0	653	83169	58.988	OpenAlex works + authors + institutions	https://openalex.org/A5044576485	https://openalex.org/I4210115614	https://ror.org/02419mc73	https://doi.org/10.18632/aging.103344;https://doi.org/10.1038/s41574-021-00626-7;https://doi.org/10.1016/j.cmet.2018.02.011;https://doi.org/10.1038/s41586-020-2975-4;https://doi.org/10.1016/j.cmet.2019.09.001	https://doi.org/10.18632/aging.103344;https://doi.org/10.1038/s41574-021-00626-7;https://doi.org/10.1016/j.cmet.2018.02.011;https://doi.org/10.1038/s41586-020-2975-4;https://doi.org/10.1016/j.cmet.2019.09.001	https://doi.org/10.1016/j.apjo.2026.100282;https://doi.org/10.1103/jtn3-gr7y;https://doi.org/10.1016/j.celrep.2025.115298;https://doi.org/10.1038/s43587-025-00947-6;https://doi.org/10.1161/circresaha.124.324909
CRISPR	Michel Sadelain Lab	Michel Sadelain	Kettering University	education	Flint	US	https://www.kettering.edu/	https://orcid.org/0000-0002-9031-8025	hybrid	Relevant to CRISPR. Overall impact: 62051 total citations and 646 total works in OpenAlex. Recent output: 256 papers in last 10 years, 149 in last 5 years, 54 in last 3 years. Keyword-relevant output: 241 papers in last 10 years and 145 in last 5 years. PI-like authorship evidence: last-author=2, first/last-author=2. Likely strengths include crispr; screen. Main topical areas include cancer; immunity; development; genome editing.	crispr; screen	cancer; immunity; development; genome editing	crispr	CAR-T cell therapy research; Virus-based gene therapy research; Immunotherapy and Immune Responses; CRISPR and Genetic Engineering; Immune Cell Function and Interaction	CAR-T cell therapy research; Virus-based gene therapy research; CRISPR and Genetic Engineering; Occupational and environmental lung diseases; Biosimilars and Bioanalytical Methods	62051	646	256	149	54	241	145	54	2026:5; 2025:13; 2024:36; 2023:80; 2022:15; 2021:22; 2020:17; 2019:21; 2018:25; 2017:22	Long-Term Follow-up of CD19 CAR Therapy in Acute Lymphoblastic Leukemia [2018; cites=2627; doi=https://doi.org/10.1056/nejmoa1709919] | Chimeric Antigen Receptor Therapy [2018; cites=2183; doi=https://doi.org/10.1056/nejmra1706169] | Targeting a CAR to the TRAC locus with CRISPR/Cas9 enhances tumour rejection [2017; cites=1755; doi=https://doi.org/10.1038/nature21405] | Gene therapy comes of age [2018; cites=1320; doi=https://doi.org/10.1126/science.aan4672] | CAR T cell–induced cytokine release syndrome is mediated by macrophages and abated by IL-1 blockade [2018; cites=1226; doi=https://doi.org/10.1038/s41591-018-0041-7]	Targeting a CAR to the TRAC locus with CRISPR/Cas9 enhances tumour rejection [2017; cites=1755; doi=https://doi.org/10.1038/nature21405] | Gene therapy comes of age [2018; cites=1320; doi=https://doi.org/10.1126/science.aan4672] | Senolytic CAR T cells reverse senescence-associated pathologies [2020; cites=993; doi=https://doi.org/10.1038/s41586-020-2403-9] | Therapeutic T cell engineering [2017; cites=855; doi=https://doi.org/10.1038/nature22395] | Long-Term Follow-up of CD19 CAR Therapy in Acute Lymphoblastic Leukemia [2018; cites=2627; doi=https://doi.org/10.1056/nejmoa1709919]	Sensitive CAR T cells redefine targetable CD70 expression in solid tumors [2026; cites=1; doi=https://doi.org/10.1126/science.adv7378] | CAR-adapted PIK3CD base editing enhances T cell anti-tumor potency [2026; cites=1; doi=https://doi.org/10.1038/s43018-025-01099-7] | Two Costimulations Are Better Than One: Role of Endogenous CD28 in 4-1BB CAR T Cells [2026; cites=0; doi=https://doi.org/10.1158/2643-3230.bcd-25-0491] | Integrated chronic in vivo and in vitro screens uncover NFIL3 as a driver of T cell dysfunction [2026; cites=0; doi=https://doi.org/10.1158/2159-8290.cd-25-1524] | Abstract C008: <i>NFIL3</i> emerges as a driver of CAR T cell dysfunction from integrated in vivo/in vitro CRISPR screen [2026; cites=0; doi=https://doi.org/10.1158/2326-6074.io2026-c008]	2	2721	2	2	0	646	62051	58.074	OpenAlex works + authors + institutions	https://openalex.org/A5059625599	https://openalex.org/I39965400	https://ror.org/03rcspa57	https://doi.org/10.1056/nejmoa1709919;https://doi.org/10.1056/nejmra1706169;https://doi.org/10.1038/nature21405;https://doi.org/10.1126/science.aan4672;https://doi.org/10.1038/s41591-018-0041-7	https://doi.org/10.1038/nature21405;https://doi.org/10.1126/science.aan4672;https://doi.org/10.1038/s41586-020-2403-9;https://doi.org/10.1038/nature22395;https://doi.org/10.1056/nejmoa1709919	https://doi.org/10.1126/science.adv7378;https://doi.org/10.1038/s43018-025-01099-7;https://doi.org/10.1158/2643-3230.bcd-25-0491;https://doi.org/10.1158/2159-8290.cd-25-1524;https://doi.org/10.1158/2326-6074.io2026-c008
CRISPR	Christoph Bock Lab	Christoph Bock	Austrian Academy of Sciences	government	Vienna	AT	https://www.oeaw.ac.at	https://orcid.org/0000-0001-6091-3088	experimental	Relevant to CRISPR. Overall impact: 44912 total citations and 489 total works in OpenAlex. Recent output: 229 papers in last 10 years, 95 in last 5 years, 41 in last 3 years. Keyword-relevant output: 208 papers in last 10 years and 92 in last 5 years. PI-like authorship evidence: last-author=2, first/last-author=2. Likely strengths include crispr; single-cell; spatial; transcriptomics; genomics; screen; sequencing. Main topical areas include cancer; immunity; epigenetics; genome editing.	crispr; single-cell; spatial; transcriptomics; genomics; screen; sequencing	cancer; immunity; epigenetics; genome editing	crispr	Epigenetics and DNA Methylation; Single-cell and spatial transcriptomics; RNA modifications and cancer; Genomics and Chromatin Dynamics; Immune Cell Function and Interaction	Single-cell and spatial transcriptomics; Epigenetics and DNA Methylation; Genetic Syndromes and Imprinting; Histiocytic Disorders and Treatments; Genomics and Chromatin Dynamics	44912	489	229	95	41	208	92	41	2026:1; 2025:21; 2024:19; 2023:32; 2022:22; 2021:27; 2020:40; 2019:32; 2018:19; 2017:16	Pooled CRISPR screening with single-cell transcriptome readout [2017; cites=1107; doi=https://doi.org/10.1038/nmeth.4177] | High-content CRISPR screening [2022; cites=556; doi=https://doi.org/10.1038/s43586-021-00093-4] | Disturbed mitochondrial dynamics in CD8+ TILs reinforce T cell exhaustion [2020; cites=541; doi=https://doi.org/10.1038/s41590-020-0793-3] | Spatiotemporal structure of cell fate decisions in murine neural crest [2019; cites=541; doi=https://doi.org/10.1126/science.aas9536] | Microbiota-Derived Metabolites Suppress Arthritis by Amplifying Aryl-Hydrocarbon Receptor Activation in Regulatory B Cells [2020; cites=539; doi=https://doi.org/10.1016/j.cmet.2020.03.003]	Pooled CRISPR screening with single-cell transcriptome readout [2017; cites=1107; doi=https://doi.org/10.1038/nmeth.4177] | High-content CRISPR screening [2022; cites=556; doi=https://doi.org/10.1038/s43586-021-00093-4] | Systematic discovery of CRISPR-boosted CAR T cell immunotherapies [2025; cites=15; doi=https://doi.org/10.1038/s41586-025-09507-9] | Genome-scale CRISPR screens are efficient in non-homologous end-joining deficient cells [2019; cites=19; doi=https://doi.org/10.1038/s41598-019-52078-9] | Integrated time-series analysis and high-content CRISPR screening delineate the dynamics of macrophage immune regulation [2025; cites=4; doi=https://doi.org/10.1016/j.cels.2025.101346]	Mitochondria Are a Subset of Extracellular Vesicles Released by Activated Monocytes and Induce Type I IFN and TNF Responses in Endothelial Cells [2026; cites=0; doi=https://doi.org/10.17615/pnj6-7h02] | Multimodal learning enables chat-based exploration of single-cell data [2025; cites=15; doi=https://doi.org/10.1038/s41587-025-02857-9] | Systematic discovery of CRISPR-boosted CAR T cell immunotherapies [2025; cites=15; doi=https://doi.org/10.1038/s41586-025-09507-9] | 24-Nor-ursodeoxycholic acid improves intestinal inflammation by targeting T <sub>H</sub> 17 pathogenicity and transdifferentiation [2025; cites=12; doi=https://doi.org/10.1136/gutjnl-2024-333297] | Single-cell and chromatin accessibility profiling reveals regulatory programs of pathogenic Th2 cells in allergic asthma [2025; cites=8; doi=https://doi.org/10.1038/s41467-025-57590-3]	2	2214	2	2	0	489	44912	57.916	OpenAlex works + authors + institutions	https://openalex.org/A5059183480	https://openalex.org/I138211613	https://ror.org/03anc3s24	https://doi.org/10.1038/nmeth.4177;https://doi.org/10.1038/s43586-021-00093-4;https://doi.org/10.1038/s41590-020-0793-3;https://doi.org/10.1126/science.aas9536;https://doi.org/10.1016/j.cmet.2020.03.003	https://doi.org/10.1038/nmeth.4177;https://doi.org/10.1038/s43586-021-00093-4;https://doi.org/10.1038/s41586-025-09507-9;https://doi.org/10.1038/s41598-019-52078-9;https://doi.org/10.1016/j.cels.2025.101346	https://doi.org/10.17615/pnj6-7h02;https://doi.org/10.1038/s41587-025-02857-9;https://doi.org/10.1038/s41586-025-09507-9;https://doi.org/10.1136/gutjnl-2024-333297;https://doi.org/10.1038/s41467-025-57590-3
CRISPR	Osamu Nureki Lab	Osamu Nureki	The University of Tokyo	education	Tokyo	JP	https://www.u-tokyo.ac.jp	https://orcid.org/0000-0003-1813-7008	experimental	Relevant to CRISPR. Overall impact: 37439 total citations and 965 total works in OpenAlex. Recent output: 300 papers in last 10 years, 146 in last 5 years, 85 in last 3 years. Keyword-relevant output: 262 papers in last 10 years and 138 in last 5 years. PI-like authorship evidence: last-author=2, first/last-author=2. Likely strengths include crispr; sequencing. Main topical areas include cancer; immunity; development; evolution; genome editing.	crispr; sequencing	cancer; immunity; development; evolution; genome editing	crispr	RNA and protein synthesis mechanisms; RNA modifications and cancer; Enzyme Structure and Function; CRISPR and Genetic Engineering; Photoreceptor and optogenetics research	RNA and protein synthesis mechanisms; Sphingolipid Metabolism and Signaling; Enzyme Structure and Function; RNA modifications and cancer; Magnesium in Health and Disease	37439	965	300	146	85	262	138	85	2026:1; 2025:44; 2024:40; 2023:35; 2022:26; 2021:24; 2020:32; 2019:26; 2018:27; 2017:45	Engineered CRISPR-Cas9 nuclease with expanded targeting space [2018; cites=1112; doi=https://doi.org/10.1126/science.aas9129] | Engineered Cpf1 variants with altered PAM specificities [2017; cites=464; doi=https://doi.org/10.1038/nbt.3900] | Cap-specific terminal <i>N</i> <sup>6</sup> -methylation of RNA by an RNA polymerase II–associated methyltransferase [2018; cites=363; doi=https://doi.org/10.1126/science.aav0080] | Structural Basis for the Canonical and Non-canonical PAM Recognition by CRISPR-Cpf1 [2017; cites=296; doi=https://doi.org/10.1016/j.molcel.2017.06.035] | Cyclic GMP–AMP as an Endogenous Second Messenger in Innate Immune Signaling by Cytosolic DNA [2017; cites=252; doi=https://doi.org/10.1146/annurev-biochem-061516-044813]	Engineered CRISPR-Cas9 nuclease with expanded targeting space [2018; cites=1112; doi=https://doi.org/10.1126/science.aas9129] | Real-space and real-time dynamics of CRISPR-Cas9 visualized by high-speed atomic force microscopy [2017; cites=230; doi=https://doi.org/10.1038/s41467-017-01466-8] | Amplification-free RNA detection with CRISPR–Cas13 [2021; cites=218; doi=https://doi.org/10.1038/s42003-021-02001-8] | Structural basis for target DNA cleavage and guide RNA processing by CRISPR-Casλ2 [2025; cites=4; doi=https://doi.org/10.1038/s42003-025-08300-8] | CRISPR/Cas9-mediated genome editing via postnatal administration of AAV vector cures haemophilia B mice [2017; cites=138; doi=https://doi.org/10.1038/s41598-017-04625-5]	Molecular basis of promiscuous chemokine-engagement by the Duffy antigen receptor [2026; cites=0; doi=https://doi.org/10.64898/2026.03.09.710718] | Structural basis of anticancer drug recognition and amino acid transport by LAT1 [2025; cites=18; doi=https://doi.org/10.1038/s41467-025-56903-w] | Molecular basis of promiscuous chemokine binding and structural mimicry at the C-X-C chemokine receptor, CXCR2 [2025; cites=10; doi=https://doi.org/10.1016/j.molcel.2025.01.024] | AAV-mediated base editing restores cochlear gap junction in GJB2 dominant-negative mutation-associated syndromic hearing loss model [2025; cites=8; doi=https://doi.org/10.1172/jci.insight.185193] | Structural insights into light harvesting by antenna-containing rhodopsins in marine Asgard archaea [2025; cites=7; doi=https://doi.org/10.1038/s41564-025-02016-5]	2	2224	2	2	0	965	37439	57.805	OpenAlex works + authors + institutions	https://openalex.org/A5019961334	https://openalex.org/I74801974	https://ror.org/057zh3y96	https://doi.org/10.1126/science.aas9129;https://doi.org/10.1038/nbt.3900;https://doi.org/10.1126/science.aav0080;https://doi.org/10.1016/j.molcel.2017.06.035;https://doi.org/10.1146/annurev-biochem-061516-044813	https://doi.org/10.1126/science.aas9129;https://doi.org/10.1038/s41467-017-01466-8;https://doi.org/10.1038/s42003-021-02001-8;https://doi.org/10.1038/s42003-025-08300-8;https://doi.org/10.1038/s41598-017-04625-5	https://doi.org/10.64898/2026.03.09.710718;https://doi.org/10.1038/s41467-025-56903-w;https://doi.org/10.1016/j.molcel.2025.01.024;https://doi.org/10.1172/jci.insight.185193;https://doi.org/10.1038/s41564-025-02016-5
CRISPR	Sattva S. Neelapu Lab	Sattva S. Neelapu	The University of Texas MD Anderson Cancer Center	healthcare	Houston	US	https://www.mdanderson.org	https://orcid.org/0000-0003-1045-4914	hybrid	Relevant to CRISPR. Overall impact: 42534 total citations and 867 total works in OpenAlex. Recent output: 500 papers in last 10 years, 252 in last 5 years, 104 in last 3 years. Keyword-relevant output: 457 papers in last 10 years and 240 in last 5 years. PI-like authorship evidence: last-author=2, first/last-author=2. Likely strengths include crispr; single cell; computational. Main topical areas include cancer; development; systems biology.	crispr; single cell; computational	cancer; development; systems biology		Lymphoma Diagnosis and Treatment; CAR-T cell therapy research; Chronic Lymphocytic Leukemia Research; Immune Cell Function and Interaction; Immunotherapy and Immune Responses	CAR-T cell therapy research; Lymphoma Diagnosis and Treatment; CNS Lymphoma Diagnosis and Treatment; Biosimilars and Bioanalytical Methods; Chronic Lymphocytic Leukemia Research	42534	867	500	252	104	457	240	104	2025:54; 2024:50; 2023:96; 2022:52; 2021:61; 2020:67; 2019:105; 2018:15	ASTCT Consensus Grading for Cytokine Release Syndrome and Neurologic Toxicity Associated with Immune Effector Cells [2018; cites=3238; doi=https://doi.org/10.1016/j.bbmt.2018.12.758] | Use of CAR-Transduced Natural Killer Cells in CD19-Positive Lymphoid Tumors [2020; cites=2050; doi=https://doi.org/10.1056/nejmoa1910607] | Cytokine release syndrome and associated neurotoxicity in cancer immunotherapy [2021; cites=966; doi=https://doi.org/10.1038/s41577-021-00547-6] | Standard-of-Care Axicabtagene Ciloleucel for Relapsed or Refractory Large B-Cell Lymphoma: Results From the US Lymphoma CAR T Consortium [2020; cites=764; doi=https://doi.org/10.1200/jco.19.02104] | Axicabtagene ciloleucel in relapsed or refractory indolent non-Hodgkin lymphoma (ZUMA-5): a single-arm, multicentre, phase 2 trial [2021; cites=591; doi=https://doi.org/10.1016/s1470-2045(21)00591-x]	ASTCT Consensus Grading for Cytokine Release Syndrome and Neurologic Toxicity Associated with Immune Effector Cells [2018; cites=3238; doi=https://doi.org/10.1016/j.bbmt.2018.12.758] | Use of CAR-Transduced Natural Killer Cells in CD19-Positive Lymphoid Tumors [2020; cites=2050; doi=https://doi.org/10.1056/nejmoa1910607] | Cytokine release syndrome and associated neurotoxicity in cancer immunotherapy [2021; cites=966; doi=https://doi.org/10.1038/s41577-021-00547-6] | Standard-of-Care Axicabtagene Ciloleucel for Relapsed or Refractory Large B-Cell Lymphoma: Results From the US Lymphoma CAR T Consortium [2020; cites=764; doi=https://doi.org/10.1200/jco.19.02104] | Axicabtagene ciloleucel in relapsed or refractory indolent non-Hodgkin lymphoma (ZUMA-5): a single-arm, multicentre, phase 2 trial [2021; cites=591; doi=https://doi.org/10.1016/s1470-2045(21)00591-x]	Allogeneic Chimeric Antigen Receptor T-Cell Products Cemacabtagene Ansegedleucel/ALLO-501 in Relapsed/Refractory Large B-Cell Lymphoma: Phase I Experience From the ALPHA2/ALPHA Clinical Studies [2025; cites=27; doi=https://doi.org/10.1200/jco-24-01933] | Three-year follow-up analysis of first-line axicabtagene ciloleucel for high-risk large B-cell lymphoma: the ZUMA-12 study [2025; cites=17; doi=https://doi.org/10.1182/blood.2024027347] | Longitudinal analysis of gut microbiome and metabolome correlates of response and toxicity with idecabtagene vicleucel [2025; cites=6; doi=https://doi.org/10.1182/bloodadvances.2024014476] | Phase 2 trial of ibrutinib and nivolumab in patients with relapsed CNS lymphomas [2025; cites=5; doi=https://doi.org/10.1182/bloodadvances.2024014635] | Outcomes with bridging radiation therapy prior to chimeric antigen receptor T-cell therapy in patients with aggressive large B-cell lymphomas [2025; cites=5; doi=https://doi.org/10.3389/fimmu.2025.1517348]	3	7442	2	2	0	867	42534	56.173	OpenAlex works + authors + institutions	https://openalex.org/A5064752432	https://openalex.org/I1343551460	https://ror.org/04twxam07	https://doi.org/10.1016/j.bbmt.2018.12.758;https://doi.org/10.1056/nejmoa1910607;https://doi.org/10.1038/s41577-021-00547-6;https://doi.org/10.1200/jco.19.02104;https://doi.org/10.1016/s1470-2045(21)00591-x	https://doi.org/10.1016/j.bbmt.2018.12.758;https://doi.org/10.1056/nejmoa1910607;https://doi.org/10.1038/s41577-021-00547-6;https://doi.org/10.1200/jco.19.02104;https://doi.org/10.1016/s1470-2045(21)00591-x	https://doi.org/10.1200/jco-24-01933;https://doi.org/10.1182/blood.2024027347;https://doi.org/10.1182/bloodadvances.2024014476;https://doi.org/10.1182/bloodadvances.2024014635;https://doi.org/10.3389/fimmu.2025.1517348
CRISPR	Chi V. Dang Lab	Chi V. Dang	The Wistar Institute	facility	Philadelphia	US	https://www.wistar.org	https://orcid.org/0000-0002-4031-2522	experimental	Relevant to CRISPR. Overall impact: 72975 total citations and 606 total works in OpenAlex. Recent output: 200 papers in last 10 years, 157 in last 5 years, 43 in last 3 years. Keyword-relevant output: 189 papers in last 10 years and 152 in last 5 years. PI-like authorship evidence: last-author=2, first/last-author=2. Likely strengths include crispr; screen; imaging; sequencing. Main topical areas include cancer; immunity; epigenetics; microbiome.	crispr; screen; imaging; sequencing	cancer; immunity; epigenetics; microbiome		Cancer, Hypoxia, and Metabolism; RNA modifications and cancer; Epigenetics and DNA Methylation; Ubiquitin and proteasome pathways; Cancer-related Molecular Pathways	Cancer, Hypoxia, and Metabolism; Phagocytosis and Immune Regulation; Ubiquitin and proteasome pathways; Cancer-related Molecular Pathways; ATP Synthase and ATPases Research	72975	606	200	157	43	189	152	43	2026:5; 2025:20; 2024:18; 2023:99; 2022:15; 2021:9; 2020:3; 2019:12; 2018:6; 2017:13	Targeting cancer metabolism in the era of precision oncology [2021; cites=1131; doi=https://doi.org/10.1038/s41573-021-00339-6] | Drugging the 'undruggable' cancer targets [2017; cites=889; doi=https://doi.org/10.1038/nrc.2017.36] | Integrated Analysis of Genetic Ancestry and Genomic Alterations across Cancers [2018; cites=272; doi=https://doi.org/10.1016/j.ccell.2018.08.019] | The microbiome-derived metabolite TMAO drives immune activation and boosts responses to immune checkpoint blockade in pancreatic cancer [2022; cites=271; doi=https://doi.org/10.1126/sciimmunol.abn0704] | Repression of BET activity sensitizes homologous recombination–proficient cancers to PARP inhibition [2017; cites=241; doi=https://doi.org/10.1126/scitranslmed.aal1645]	Targeting cancer metabolism in the era of precision oncology [2021; cites=1131; doi=https://doi.org/10.1038/s41573-021-00339-6] | Drugging the 'undruggable' cancer targets [2017; cites=889; doi=https://doi.org/10.1038/nrc.2017.36] | Repression of BET activity sensitizes homologous recombination–proficient cancers to PARP inhibition [2017; cites=241; doi=https://doi.org/10.1126/scitranslmed.aal1645] | Abstract B064: Uncovering the lineage state specific regulation of STING in neuroblastoma [2024; cites=0; doi=https://doi.org/10.1158/1538-7445.pediatric24-b064] | Data from Bcl-xL Enforces a Slow-Cycling State Necessary for Survival in the Nutrient-Deprived Microenvironment of Pancreatic Cancer [2023; cites=0; doi=https://doi.org/10.1158/0008-5472.c.6513802]	FigureS1 from Androgen Receptor Drives Polyamine Synthesis, Creating a Vulnerability for Prostate Cancer [2026; cites=0; doi=https://doi.org/10.1158/0008-5472.31442791] | FigureS5 from Androgen Receptor Drives Polyamine Synthesis, Creating a Vulnerability for Prostate Cancer [2026; cites=0; doi=https://doi.org/10.1158/0008-5472.31442764] | FigureS4 from Androgen Receptor Drives Polyamine Synthesis, Creating a Vulnerability for Prostate Cancer [2026; cites=0; doi=https://doi.org/10.1158/0008-5472.31442767] | FigureS7 from Androgen Receptor Drives Polyamine Synthesis, Creating a Vulnerability for Prostate Cancer [2026; cites=0; doi=https://doi.org/10.1158/0008-5472.31442755] | Green synthesis and recognition of Cr₂O₇2− and CrO₄2− ions of a novel Schiff base fluorescent probe [2026; cites=0; doi=https://doi.org/10.1016/j.ica.2026.123120]	2	2262	2	2	0	606	72975	55.355	OpenAlex works + authors + institutions	https://openalex.org/A5067716685	https://openalex.org/I102322052	https://ror.org/04wncat98	https://doi.org/10.1038/s41573-021-00339-6;https://doi.org/10.1038/nrc.2017.36;https://doi.org/10.1016/j.ccell.2018.08.019;https://doi.org/10.1126/sciimmunol.abn0704;https://doi.org/10.1126/scitranslmed.aal1645	https://doi.org/10.1038/s41573-021-00339-6;https://doi.org/10.1038/nrc.2017.36;https://doi.org/10.1126/scitranslmed.aal1645;https://doi.org/10.1158/1538-7445.pediatric24-b064;https://doi.org/10.1158/0008-5472.c.6513802	https://doi.org/10.1158/0008-5472.31442791;https://doi.org/10.1158/0008-5472.31442764;https://doi.org/10.1158/0008-5472.31442767;https://doi.org/10.1158/0008-5472.31442755;https://doi.org/10.1016/j.ica.2026.123120
CRISPR	Boyi Gan Lab	Boyi Gan	The University of Texas MD Anderson Cancer Center	healthcare	Houston	US	https://www.mdanderson.org	https://orcid.org/0000-0001-8884-6040	experimental	Relevant to CRISPR. Overall impact: 29458 total citations and 252 total works in OpenAlex. Recent output: 170 papers in last 10 years, 134 in last 5 years, 68 in last 3 years. Keyword-relevant output: 167 papers in last 10 years and 132 in last 5 years. PI-like authorship evidence: last-author=3, first/last-author=3. Likely strengths include crispr; screen. Main topical areas include cancer; epigenetics; development.	crispr; screen	cancer; epigenetics; development		Ferroptosis and cancer prognosis; Cancer, Lipids, and Metabolism; RNA modifications and cancer; Retinoids in leukemia and cellular processes; Epigenetics and DNA Methylation	Ferroptosis and cancer prognosis; FOXO transcription factor regulation; Cancer, Lipids, and Metabolism; Clusterin in disease pathology; Retinoids in leukemia and cellular processes	29458	252	170	134	68	167	132	68	2026:3; 2025:25; 2024:40; 2023:56; 2022:10; 2021:15; 2020:11; 2019:1; 2018:6; 2017:3	Cystine transporter SLC7A11/xCT in cancer: ferroptosis, nutrient dependency, and cancer therapy [2020; cites=2277; doi=https://doi.org/10.1007/s13238-020-00789-5] | Targeting ferroptosis as a vulnerability in cancer [2022; cites=2054; doi=https://doi.org/10.1038/s41568-022-00459-0] | DHODH-mediated ferroptosis defence is a targetable vulnerability in cancer [2021; cites=1702; doi=https://doi.org/10.1038/s41586-021-03539-7] | The role of ferroptosis in ionizing radiation-induced cell death and tumor suppression [2020; cites=1308; doi=https://doi.org/10.1038/s41422-019-0263-3] | Energy-stress-mediated AMPK activation inhibits ferroptosis [2020; cites=1077; doi=https://doi.org/10.1038/s41556-020-0461-8]	Actin cytoskeleton vulnerability to disulfide stress mediates disulfidptosis [2023; cites=1064; doi=https://doi.org/10.1038/s41556-023-01091-2] | Cystine transporter SLC7A11/xCT in cancer: ferroptosis, nutrient dependency, and cancer therapy [2020; cites=2277; doi=https://doi.org/10.1007/s13238-020-00789-5] | Targeting ferroptosis as a vulnerability in cancer [2022; cites=2054; doi=https://doi.org/10.1038/s41568-022-00459-0] | DHODH-mediated ferroptosis defence is a targetable vulnerability in cancer [2021; cites=1702; doi=https://doi.org/10.1038/s41586-021-03539-7] | The role of ferroptosis in ionizing radiation-induced cell death and tumor suppression [2020; cites=1308; doi=https://doi.org/10.1038/s41422-019-0263-3]	Simultaneous Imaging of Cu <sup>+</sup> and Cu <sup>2</sup> <sup>+</sup> in Neural Cells Using DNAzyme Probes Reveals Mechanistic Link Between Copper Redox Imbalance and Amyloid Pathology [2026; cites=0; doi=https://doi.org/10.1002/ange.202524237] | Simultaneous Imaging of Cu <sup>+</sup> and Cu <sup>2</sup> <sup>+</sup> in Neural Cells Using DNAzyme Probes Reveals Mechanistic Link Between Copper Redox Imbalance and Amyloid Pathology [2026; cites=0; doi=https://doi.org/10.1002/anie.202524237] | Germline inactivation of tumor suppressor BAP1 is associated with white spotting [2026; cites=0; doi=https://doi.org/10.1172/jci195809] | Radiotherapy promotes cuproptosis and synergizes with cuproptosis inducers to overcome tumor radioresistance [2025; cites=56; doi=https://doi.org/10.1016/j.ccell.2025.03.031] | PRMT5-mediated arginine methylation stabilizes GPX4 to suppress ferroptosis in cancer [2025; cites=32; doi=https://doi.org/10.1038/s41556-025-01610-3]	3	4649	3	3	0	252	29458	54.079	OpenAlex works + authors + institutions	https://openalex.org/A5067510351	https://openalex.org/I1343551460	https://ror.org/04twxam07	https://doi.org/10.1007/s13238-020-00789-5;https://doi.org/10.1038/s41568-022-00459-0;https://doi.org/10.1038/s41586-021-03539-7;https://doi.org/10.1038/s41422-019-0263-3;https://doi.org/10.1038/s41556-020-0461-8	https://doi.org/10.1038/s41556-023-01091-2;https://doi.org/10.1007/s13238-020-00789-5;https://doi.org/10.1038/s41568-022-00459-0;https://doi.org/10.1038/s41586-021-03539-7;https://doi.org/10.1038/s41422-019-0263-3	https://doi.org/10.1002/ange.202524237;https://doi.org/10.1002/anie.202524237;https://doi.org/10.1172/jci195809;https://doi.org/10.1016/j.ccell.2025.03.031;https://doi.org/10.1038/s41556-025-01610-3
CRISPR	Mike Tyers Lab	Mike Tyers	Mount Sinai Hospital	healthcare	Toronto	CA	http://www.mountsinai.on.ca/		hybrid	Relevant to CRISPR. Overall impact: 46240 total citations and 304 total works in OpenAlex. Recent output: 94 papers in last 10 years, 50 in last 5 years, 27 in last 3 years. Keyword-relevant output: 82 papers in last 10 years and 46 in last 5 years. PI-like authorship evidence: last-author=2, first/last-author=2. Likely strengths include crispr; screen. Main topical areas include cancer; development; evolution.	crispr; screen	cancer; development; evolution	crispr	Fungal and yeast genetics research; Ubiquitin and proteasome pathways; Bioinformatics and Genomic Networks; Microtubule and mitosis dynamics; Cancer-related Molecular Pathways	Fungal and yeast genetics research; Ubiquitin and proteasome pathways; Bioinformatics and Genomic Networks; Protein Degradation and Inhibitors; Microtubule and mitosis dynamics	46240	304	94	50	27	82	46	27	2026:1; 2025:14; 2024:12; 2023:10; 2022:13; 2021:7; 2020:9; 2019:9; 2018:9; 2017:10	The <scp>BioGRID</scp> database: A comprehensive biomedical resource of curated protein, genetic, and chemical interactions [2020; cites=1860; doi=https://doi.org/10.1002/pro.3978] | The BioGRID interaction database: 2019 update [2018; cites=1586; doi=https://doi.org/10.1093/nar/gky1079] | Drug combinations: a strategy to extend the life of antibiotics in the 21st century [2019; cites=816; doi=https://doi.org/10.1038/s41579-018-0141-x] | WD40 repeat domain proteins: a novel target class? [2017; cites=335; doi=https://doi.org/10.1038/nrd.2017.179] | Mubritinib Targets the Electron Transport Chain Complex I and Reveals the Landscape of OXPHOS Dependency in Acute Myeloid Leukemia [2019; cites=257; doi=https://doi.org/10.1016/j.ccell.2019.06.003]	The <scp>BioGRID</scp> database: A comprehensive biomedical resource of curated protein, genetic, and chemical interactions [2020; cites=1860; doi=https://doi.org/10.1002/pro.3978] | The BioGRID interaction database: 2019 update [2018; cites=1586; doi=https://doi.org/10.1093/nar/gky1079] | A High-Resolution Genome-Wide CRISPR/Cas9 Viability Screen Reveals Structural Features and Contextual Diversity of the Human Cell-Essential Proteome [2017; cites=98; doi=https://doi.org/10.1128/mcb.00302-17] | Drug combinations: a strategy to extend the life of antibiotics in the 21st century [2019; cites=816; doi=https://doi.org/10.1038/s41579-018-0141-x] | A platform for the systematic interrogation of genetic interactions in human cells: 26 gene by genome-wide double knockout screens as a proof of concept [2025; cites=0; doi=https://doi.org/10.1101/2025.08.04.665369]	A yeast synthetic biotic platform for delivery of therapeutic nanobodies to ameliorate gastrointestinal inflammation [2026; cites=1; doi=https://doi.org/10.1242/dmm.052620] | De novo design of potent inhibitors of clostridial family toxins [2025; cites=3; doi=https://doi.org/10.1073/pnas.2509329122] | Engineered spermidine-secreting Saccharomyces boulardii ameliorates colitis and colon cancer in mice [2025; cites=3; doi=https://doi.org/10.1038/s41598-025-16736-5] | Swi4-dependent SWI4 transcription couples cell size to cell cycle commitment [2025; cites=2; doi=https://doi.org/10.1016/j.isci.2025.112027] | SynCoGen: Synthesizable 3D Molecule Generation via Joint Reaction and Coordinate Modeling [2025; cites=1; doi=https://doi.org/10.48550/arxiv.2507.11818]	2	3446	2	2	0	304	46240	51.433	OpenAlex works + authors + institutions	https://openalex.org/A5057700057	https://openalex.org/I1291836623	https://ror.org/05deks119	https://doi.org/10.1002/pro.3978;https://doi.org/10.1093/nar/gky1079;https://doi.org/10.1038/s41579-018-0141-x;https://doi.org/10.1038/nrd.2017.179;https://doi.org/10.1016/j.ccell.2019.06.003	https://doi.org/10.1002/pro.3978;https://doi.org/10.1093/nar/gky1079;https://doi.org/10.1128/mcb.00302-17;https://doi.org/10.1038/s41579-018-0141-x;https://doi.org/10.1101/2025.08.04.665369	https://doi.org/10.1242/dmm.052620;https://doi.org/10.1073/pnas.2509329122;https://doi.org/10.1038/s41598-025-16736-5;https://doi.org/10.1016/j.isci.2025.112027;https://doi.org/10.48550/arxiv.2507.11818
CRISPR	W. Nicholas Haining Lab	W. Nicholas Haining	Dana-Farber Cancer Institute	facility	Boston	US	http://www.dana-farber.org/	https://orcid.org/0000-0001-7871-3762	hybrid	Relevant to CRISPR. Overall impact: 26055 total citations and 193 total works in OpenAlex. Recent output: 82 papers in last 10 years, 35 in last 5 years, 11 in last 3 years. Keyword-relevant output: 70 papers in last 10 years and 34 in last 5 years. PI-like authorship evidence: last-author=2, first/last-author=2. Likely strengths include crispr; single-cell; spatial; transcriptomics; genomics; screen; sequencing; computational. Main topical areas include cancer; immunity; development; functional genomics; genome editing.	crispr; single-cell; spatial; transcriptomics; genomics; screen; sequencing; computational	cancer; immunity; development; functional genomics; genome editing	crispr	Immune Cell Function and Interaction; CAR-T cell therapy research; T-cell and B-cell Immunology; Immunotherapy and Immune Responses; Cancer Immunotherapy and Biomarkers	CAR-T cell therapy research; T-cell and B-cell Immunology; Immunotherapy and Immune Responses; Immune Cell Function and Interaction; Single-cell and spatial transcriptomics	26055	193	82	35	11	70	34	11	2026:1; 2025:5; 2024:5; 2023:15; 2022:9; 2021:11; 2020:3; 2019:14; 2018:7; 2017:12	Subsets of exhausted CD8+ T cells differentially mediate tumor control and respond to checkpoint blockade [2019; cites=1980; doi=https://doi.org/10.1038/s41590-019-0312-6] | Defining ‘T cell exhaustion’ [2019; cites=1524; doi=https://doi.org/10.1038/s41577-019-0221-9] | In vivo CRISPR screening identifies Ptpn2 as a cancer immunotherapy target [2017; cites=1115; doi=https://doi.org/10.1038/nature23270] | PD-L1 on tumor cells is sufficient for immune evasion in immunogenic tumors and inhibits CD8 T cell cytotoxicity [2017; cites=865; doi=https://doi.org/10.1084/jem.20160801] | Loss of ADAR1 in tumours overcomes resistance to immune checkpoint blockade [2018; cites=691; doi=https://doi.org/10.1038/s41586-018-0768-9]	In vivo CRISPR screening identifies Ptpn2 as a cancer immunotherapy target [2017; cites=1115; doi=https://doi.org/10.1038/nature23270] | A CRISPR-Cas9 delivery system for in vivo screening of genes in the immune system [2019; cites=116; doi=https://doi.org/10.1038/s41467-019-09656-2] | Subsets of exhausted CD8+ T cells differentially mediate tumor control and respond to checkpoint blockade [2019; cites=1980; doi=https://doi.org/10.1038/s41590-019-0312-6] | Defining ‘T cell exhaustion’ [2019; cites=1524; doi=https://doi.org/10.1038/s41577-019-0221-9] | 332 CRISPR/Cas9-based integration of a large and modular cassette into a safe harbor site to improve CAR T cell therapy efficacy and safety [2022; cites=2; doi=https://doi.org/10.1136/jitc-2022-sitc2022.0332]	Harnessing Inflammatory Monocytes to Overcome Resistance to Anti-PD-1 Immunotherapy [2026; cites=0; doi=https://doi.org/10.64898/2026.02.05.704029] | 245 Synthetic pathway activators (SPA) enhance CAR-T activity against solid tumors by reducing T cell exhaustion and increasing functional persistence in preclinical studies [2025; cites=0; doi=https://doi.org/10.1136/jitc-2025-sitc2025.0245] | 256 Preclinical development of AB-3028, a logic-gated engineered CAR T cell product intended for the treatment of metastatic castration-resistant prostate cancer (mCRPC) [2025; cites=0; doi=https://doi.org/10.1136/jitc-2025-sitc2025.0256] | 258 Programmable circuit T cells encoding multiplexed shRNAs and logic-gates for mCRPC [2025; cites=0; doi=https://doi.org/10.1136/jitc-2025-sitc2025.0258] | 303 AB-3028: Dual-targeting sequential AND logic gated CAR T cell for potential mCRPC therapeutic [2025; cites=0; doi=https://doi.org/10.1136/jitc-2025-sitc2025.0303]	2	2230	2	2	0	193	26055	50.15	OpenAlex works + authors + institutions	https://openalex.org/A5043992139	https://openalex.org/I4210117453	https://ror.org/02jzgtq86	https://doi.org/10.1038/s41590-019-0312-6;https://doi.org/10.1038/s41577-019-0221-9;https://doi.org/10.1038/nature23270;https://doi.org/10.1084/jem.20160801;https://doi.org/10.1038/s41586-018-0768-9	https://doi.org/10.1038/nature23270;https://doi.org/10.1038/s41467-019-09656-2;https://doi.org/10.1038/s41590-019-0312-6;https://doi.org/10.1038/s41577-019-0221-9;https://doi.org/10.1136/jitc-2022-sitc2022.0332	https://doi.org/10.64898/2026.02.05.704029;https://doi.org/10.1136/jitc-2025-sitc2025.0245;https://doi.org/10.1136/jitc-2025-sitc2025.0256;https://doi.org/10.1136/jitc-2025-sitc2025.0258;https://doi.org/10.1136/jitc-2025-sitc2025.0303
CRISPR	Zachary B. Lippman Lab	Zachary B. Lippman	Cold Spring Harbor Laboratory	nonprofit	Cold Spring Harbor	US	https://www.cshl.edu	https://orcid.org/0000-0001-7668-9025	hybrid	Relevant to CRISPR. Overall impact: 16304 total citations and 113 total works in OpenAlex. Recent output: 41 papers in last 10 years, 25 in last 5 years, 14 in last 3 years. Keyword-relevant output: 39 papers in last 10 years and 24 in last 5 years. PI-like authorship evidence: last-author=2, first/last-author=2. Likely strengths include crispr; genomics; sequencing; computational. Main topical areas include development; evolution; functional genomics; genome editing.	crispr; genomics; sequencing; computational	development; evolution; functional genomics; genome editing	crispr	Plant Molecular Biology Research; Plant Reproductive Biology; Chromosomal and Genetic Variations; Plant Virus Research Studies; Genetic Mapping and Diversity in Plants and Animals	Plant Molecular Biology Research; Plant Reproductive Biology; Chromosomal and Genetic Variations; Genetic Mapping and Diversity in Plants and Animals; Plant Virus Research Studies	16304	113	41	25	14	39	24	14	2025:9; 2024:5; 2023:2; 2022:9; 2021:4; 2020:3; 2019:5; 2018:2; 2017:2	Engineering Quantitative Trait Variation for Crop Improvement by Genome Editing [2017; cites=1118; doi=https://doi.org/10.1016/j.cell.2017.08.030] | Automated assembly scaffolding using RagTag elevates a new tomato system for high-throughput genome editing [2022; cites=875; doi=https://doi.org/10.1186/s13059-022-02823-7] | RaGOO: fast and accurate reference-guided scaffolding of draft genomes [2019; cites=750; doi=https://doi.org/10.1186/s13059-019-1829-6] | Rapid improvement of domestication traits in an orphan crop by genome editing [2018; cites=527; doi=https://doi.org/10.1038/s41477-018-0259-x] | Bypassing Negative Epistasis on Yield in Tomato Imposed by a Domestication Gene [2017; cites=374; doi=https://doi.org/10.1016/j.cell.2017.04.032]	Engineering Quantitative Trait Variation for Crop Improvement by Genome Editing [2017; cites=1118; doi=https://doi.org/10.1016/j.cell.2017.08.030] | Automated assembly scaffolding using RagTag elevates a new tomato system for high-throughput genome editing [2022; cites=875; doi=https://doi.org/10.1186/s13059-022-02823-7] | RaGOO: fast and accurate reference-guided scaffolding of draft genomes [2019; cites=750; doi=https://doi.org/10.1186/s13059-019-1829-6] | Rapid improvement of domestication traits in an orphan crop by genome editing [2018; cites=527; doi=https://doi.org/10.1038/s41477-018-0259-x] | Engineering compact <scp> <i>Physalis peruviana</i> </scp> (goldenberry) to promote its potential as a global crop [2025; cites=1; doi=https://doi.org/10.1002/ppp3.70140]	Cryptic variation fuels plant phenotypic change through hierarchical epistasis [2025; cites=12; doi=https://doi.org/10.1038/s41586-025-09243-0] | Antagonizing <i>cis-</i> regulatory elements of a conserved flowering gene mediate developmental robustness [2025; cites=12; doi=https://doi.org/10.1073/pnas.2421990122] | Cryptic variation fuels plant phenotypic change through hierarchical epistasis [2025; cites=3; doi=https://doi.org/10.1101/2025.02.23.639722] | A deep-time landscape of plant <i>cis</i> -regulatory sequence evolution [2025; cites=2; doi=https://doi.org/10.1101/2025.09.17.676453] | Pan-angiosperm analysis of the CLE signaling peptide gene family unveils paths, patterns, and predictions of paralog diversification [2025; cites=2; doi=https://doi.org/10.1101/2025.06.04.657892]	3	3111	2	2	0	113	16304	49.25	OpenAlex works + authors + institutions	https://openalex.org/A5012483156	https://openalex.org/I2750212522	https://ror.org/02qz8b764	https://doi.org/10.1016/j.cell.2017.08.030;https://doi.org/10.1186/s13059-022-02823-7;https://doi.org/10.1186/s13059-019-1829-6;https://doi.org/10.1038/s41477-018-0259-x;https://doi.org/10.1016/j.cell.2017.04.032	https://doi.org/10.1016/j.cell.2017.08.030;https://doi.org/10.1186/s13059-022-02823-7;https://doi.org/10.1186/s13059-019-1829-6;https://doi.org/10.1038/s41477-018-0259-x;https://doi.org/10.1002/ppp3.70140	https://doi.org/10.1038/s41586-025-09243-0;https://doi.org/10.1073/pnas.2421990122;https://doi.org/10.1101/2025.02.23.639722;https://doi.org/10.1101/2025.09.17.676453;https://doi.org/10.1101/2025.06.04.657892
CRISPR	Jerilyn A. Timlin Lab	Jerilyn A. Timlin	Sandia National Laboratories	facility	Albuquerque	US	http://www.sandia.gov	https://orcid.org/0000-0003-2953-1721	hybrid	Relevant to CRISPR. Overall impact: 4040 total citations and 217 total works in OpenAlex. Recent output: 39 papers in last 10 years, 15 in last 5 years, 3 in last 3 years. Keyword-relevant output: 22 papers in last 10 years and 8 in last 5 years. PI-like authorship evidence: last-author=2, first/last-author=2. Likely strengths include crispr; machine learning; imaging; sequencing; computational. Main topical areas include cancer; development; evolution; genome editing.	crispr; machine learning; imaging; sequencing; computational	cancer; development; evolution; genome editing	crispr	Spectroscopy and Chemometric Analyses; Spectroscopy Techniques in Biomedical and Chemical Research; Algal biology and biofuel production; Photosynthetic Processes and Mechanisms; Water Quality Monitoring and Analysis	Spectroscopy Techniques in Biomedical and Chemical Research; Algal biology and biofuel production; Spectroscopy and Chemometric Analyses; Advanced Biosensing Techniques and Applications; Biocrusts and Microbial Ecology	4040	217	39	15	3	22	8	3	2025:1; 2024:2; 2023:3; 2022:9; 2021:5; 2020:5; 2019:6; 2018:2; 2017:6	Delivering CRISPR: a review of the challenges and approaches [2018; cites=1161; doi=https://doi.org/10.1080/10717544.2018.1474964] | Gene editing and CRISPR in the clinic: current and future perspectives [2020; cites=186; doi=https://doi.org/10.1042/bsr20200127] | Multifunctional, Tunable Metal–Organic Framework Materials Platform for Bioimaging Applications [2017; cites=144; doi=https://doi.org/10.1021/acsami.7b05859] | Lateral Segregation of Photosystem I in Cyanobacterial Thylakoids [2017; cites=71; doi=https://doi.org/10.1105/tpc.17.00071] | Internalization and accumulation of model lignin breakdown products in bacteria and fungi [2019; cites=33; doi=https://doi.org/10.1186/s13068-019-1494-8]	Delivering CRISPR: a review of the challenges and approaches [2018; cites=1161; doi=https://doi.org/10.1080/10717544.2018.1474964] | Gene editing and CRISPR in the clinic: current and future perspectives [2020; cites=186; doi=https://doi.org/10.1042/bsr20200127] | CasCollect: targeted assembly of CRISPR-associated operons from high-throughput sequencing data [2020; cites=5; doi=https://doi.org/10.1093/nargab/lqaa063] | Use of anti-CRISPR protein AcrIIA4 as a capture ligand for CRISPR/Cas9 detection [2019; cites=29; doi=https://doi.org/10.1016/j.bios.2019.111361] | Peak2Patch: High-Fidelity Functional Group Identification Through Attention-based Fusion of Infrared and Mass Spectra [2025; cites=1; doi=https://doi.org/10.26434/chemrxiv-2025-7329c]	Peak2Patch: High-Fidelity Functional Group Identification Through Attention-based Fusion of Infrared and Mass Spectra [2025; cites=1; doi=https://doi.org/10.26434/chemrxiv-2025-7329c] | Label-Free, Noninvasive Bone Cell Classification by Hyperspectral Confocal Raman Microscopy [2024; cites=3; doi=https://doi.org/10.1021/cbmi.3c00106] | Hyperspectral Confocal Fluorescence &amp; Raman Microscopy for Characterizing Plant Response at the Cellular and Subcellular Level: Current Progress and Future Opportunities [2024; cites=0; doi=https://doi.org/10.1093/mam/ozae044.407] | Utilizing Physics-informed and Machine Learning Methods to Enhance Remote Monitoring of Physiological Signatures [2023; cites=0; doi=https://doi.org/10.2172/2430787] | Remote Monitoring of Physiological Signatures: The Impact of Hyperspectral Imaging [2023; cites=0; doi=https://doi.org/10.2172/2431728]	2	2322	2	2	0	217	4040	48.932	OpenAlex works + authors + institutions	https://openalex.org/A5012363777	https://openalex.org/I4210104735	https://ror.org/01apwpt12	https://doi.org/10.1080/10717544.2018.1474964;https://doi.org/10.1042/bsr20200127;https://doi.org/10.1021/acsami.7b05859;https://doi.org/10.1105/tpc.17.00071;https://doi.org/10.1186/s13068-019-1494-8	https://doi.org/10.1080/10717544.2018.1474964;https://doi.org/10.1042/bsr20200127;https://doi.org/10.1093/nargab/lqaa063;https://doi.org/10.1016/j.bios.2019.111361;https://doi.org/10.26434/chemrxiv-2025-7329c	https://doi.org/10.26434/chemrxiv-2025-7329c;https://doi.org/10.1021/cbmi.3c00106;https://doi.org/10.1093/mam/ozae044.407;https://doi.org/10.2172/2430787;https://doi.org/10.2172/2431728
